pinyin,ipa,tone_ipa,tone_desc,onset,glide,nucleus,coda,tone
a0,a,,neutral,,,a,
a1,a,˥,flat,,,a,
a2,a,˧˥,rising,,,a,
a3,a,˨˩˦,falling-rising,,,a,
a4,a,˥˩,falling,,,a,
ai0,ai,,neutral,,,a,i
ai1,ai,˥,flat,,,a,i
ai2,ai,˧˥,rising,,,a,i
ai3,ai,˨˩˦,falling-rising,,,a,i
ai4,ai,˥˩,falling,,,a,i
an0,an,,neutral,,,a,n
an1,an,˥,flat,,,a,n
an2,an,˧˥,rising,,,a,n
an3,an,˨˩˦,falling-rising,,,a,n
an4,an,˥˩,falling,,,a,n
ang0,ɑŋ,,neutral,,,ɑ,ŋ
ang1,ɑŋ,˥,flat,,,ɑ,ŋ
ang2,ɑŋ,˧˥,rising,,,ɑ,ŋ
ang3,ɑŋ,˨˩˦,falling-rising,,,ɑ,ŋ
ang4,ɑŋ,˥˩,falling,,,ɑ,ŋ
ao0,ɑu,,neutral,,,ɑ,u
ao1,ɑu,˥,flat,,,ɑ,u
ao2,ɑu,˧˥,rising,,,ɑ,u
ao3,ɑu,˨˩˦,falling-rising,,,ɑ,u
ao4,ɑu,˥˩,falling,,,ɑ,u
ba0,pa,,neutral,p,,a,
ba1,pa,˥,flat,p,,a,
ba2,pa,˧˥,rising,p,,a,
ba3,pa,˨˩˦,falling-rising,p,,a,
ba4,pa,˥˩,falling,p,,a,
bai0,pai,,neutral,p,,a,i
bai1,pai,˥,flat,p,,a,i
bai2,pai,˧˥,rising,p,,a,i
bai3,pai,˨˩˦,falling-rising,p,,a,i
bai4,pai,˥˩,falling,p,,a,i
ban0,pan,,neutral,p,,a,n
ban1,pan,˥,flat,p,,a,n
ban2,pan,˧˥,rising,p,,a,n
ban3,pan,˨˩˦,falling-rising,p,,a,n
ban4,pan,˥˩,falling,p,,a,n
bang0,pɑŋ,,neutral,p,,ɑ,ŋ
bang1,pɑŋ,˥,flat,p,,ɑ,ŋ
bang2,pɑŋ,˧˥,rising,p,,ɑ,ŋ
bang3,pɑŋ,˨˩˦,falling-rising,p,,ɑ,ŋ
bang4,pɑŋ,˥˩,falling,p,,ɑ,ŋ
bao0,pɑu,,neutral,p,,ɑ,u
bao1,pɑu,˥,flat,p,,ɑ,u
bao2,pɑu,˧˥,rising,p,,ɑ,u
bao3,pɑu,˨˩˦,falling-rising,p,,ɑ,u
bao4,pɑu,˥˩,falling,p,,ɑ,u
bei0,pei,,neutral,p,,e,i
bei1,pei,˥,flat,p,,e,i
bei2,pei,˧˥,rising,p,,e,i
bei3,pei,˨˩˦,falling-rising,p,,e,i
bei4,pei,˥˩,falling,p,,e,i
ben0,pən,,neutral,p,,ə,n
ben1,pən,˥,flat,p,,ə,n
ben2,pən,˧˥,rising,p,,ə,n
ben3,pən,˨˩˦,falling-rising,p,,ə,n
ben4,pən,˥˩,falling,p,,ə,n
beng0,pəŋ,,neutral,p,,ə,ŋ
beng1,pəŋ,˥,flat,p,,ə,ŋ
beng2,pəŋ,˧˥,rising,p,,ə,ŋ
beng3,pəŋ,˨˩˦,falling-rising,p,,ə,ŋ
beng4,pəŋ,˥˩,falling,p,,ə,ŋ
bi0,pi,,neutral,p,,i,
bi1,pi,˥,flat,p,,i,
bi2,pi,˧˥,rising,p,,i,
bi3,pi,˨˩˦,falling-rising,p,,i,
bi4,pi,˥˩,falling,p,,i,
bian0,pian,,neutral,p,i,a,n
bian1,pian,˥,flat,p,i,a,n
bian2,pian,˧˥,rising,p,i,a,n
bian3,pian,˨˩˦,falling-rising,p,i,a,n
bian4,pian,˥˩,falling,p,i,a,n
biao0,piɑu,,neutral,p,i,ɑ,u
biao1,piɑu,˥,flat,p,i,ɑ,u
biao2,piɑu,˧˥,rising,p,i,ɑ,u
biao3,piɑu,˨˩˦,falling-rising,p,i,ɑ,u
biao4,piɑu,˥˩,falling,p,i,ɑ,u
bie0,piɛ,,neutral,p,i,ɛ,
bie1,piɛ,˥,flat,p,i,ɛ,
bie2,piɛ,˧˥,rising,p,i,ɛ,
bie3,piɛ,˨˩˦,falling-rising,p,i,ɛ,
bie4,piɛ,˥˩,falling,p,i,ɛ,
bin0,pin,,neutral,p,,i,n
bin1,pin,˥,flat,p,,i,n
bin2,pin,˧˥,rising,p,,i,n
bin3,pin,˨˩˦,falling-rising,p,,i,n
bin4,pin,˥˩,falling,p,,i,n
bing0,piŋ,,neutral,p,,i,ŋ
bing1,piŋ,˥,flat,p,,i,ŋ
bing2,piŋ,˧˥,rising,p,,i,ŋ
bing3,piŋ,˨˩˦,falling-rising,p,,i,ŋ
bing4,piŋ,˥˩,falling,p,,i,ŋ
bo0,po,,neutral,p,,o,
bo1,po,˥,flat,p,,o,
bo2,po,˧˥,rising,p,,o,
bo3,po,˨˩˦,falling-rising,p,,o,
bo4,po,˥˩,falling,p,,o,
bu0,pu,,neutral,p,,u,
bu1,pu,˥,flat,p,,u,
bu2,pu,˧˥,rising,p,,u,
bu3,pu,˨˩˦,falling-rising,p,,u,
bu4,pu,˥˩,falling,p,,u,
ca0,tsʰa,,neutral,tsʰ,,a,
ca1,tsʰa,˥,flat,tsʰ,,a,
ca2,tsʰa,˧˥,rising,tsʰ,,a,
ca3,tsʰa,˨˩˦,falling-rising,tsʰ,,a,
ca4,tsʰa,˥˩,falling,tsʰ,,a,
cai0,tsʰai,,neutral,tsʰ,,a,i
cai1,tsʰai,˥,flat,tsʰ,,a,i
cai2,tsʰai,˧˥,rising,tsʰ,,a,i
cai3,tsʰai,˨˩˦,falling-rising,tsʰ,,a,i
cai4,tsʰai,˥˩,falling,tsʰ,,a,i
can0,tsʰan,,neutral,tsʰ,,a,n
can1,tsʰan,˥,flat,tsʰ,,a,n
can2,tsʰan,˧˥,rising,tsʰ,,a,n
can3,tsʰan,˨˩˦,falling-rising,tsʰ,,a,n
can4,tsʰan,˥˩,falling,tsʰ,,a,n
cang0,tsʰɑŋ,,neutral,tsʰ,,ɑ,ŋ
cang1,tsʰɑŋ,˥,flat,tsʰ,,ɑ,ŋ
cang2,tsʰɑŋ,˧˥,rising,tsʰ,,ɑ,ŋ
cang3,tsʰɑŋ,˨˩˦,falling-rising,tsʰ,,ɑ,ŋ
cang4,tsʰɑŋ,˥˩,falling,tsʰ,,ɑ,ŋ
cao0,tsʰɑu,,neutral,tsʰ,,ɑ,u
cao1,tsʰɑu,˥,flat,tsʰ,,ɑ,u
cao2,tsʰɑu,˧˥,rising,tsʰ,,ɑ,u
cao3,tsʰɑu,˨˩˦,falling-rising,tsʰ,,ɑ,u
cao4,tsʰɑu,˥˩,falling,tsʰ,,ɑ,u
ce0,tsʰɤ,,neutral,tsʰ,,ɤ,
ce1,tsʰɤ,˥,flat,tsʰ,,ɤ,
ce2,tsʰɤ,˧˥,rising,tsʰ,,ɤ,
ce3,tsʰɤ,˨˩˦,falling-rising,tsʰ,,ɤ,
ce4,tsʰɤ,˥˩,falling,tsʰ,,ɤ,
cen0,tsʰən,,neutral,tsʰ,,ə,n
cen1,tsʰən,˥,flat,tsʰ,,ə,n
cen2,tsʰən,˧˥,rising,tsʰ,,ə,n
cen3,tsʰən,˨˩˦,falling-rising,tsʰ,,ə,n
cen4,tsʰən,˥˩,falling,tsʰ,,ə,n
ceng0,tsʰəŋ,,neutral,tsʰ,,ə,ŋ
ceng1,tsʰəŋ,˥,flat,tsʰ,,ə,ŋ
ceng2,tsʰəŋ,˧˥,rising,tsʰ,,ə,ŋ
ceng3,tsʰəŋ,˨˩˦,falling-rising,tsʰ,,ə,ŋ
ceng4,tsʰəŋ,˥˩,falling,tsʰ,,ə,ŋ
cha0,ʈʂʰa,,neutral,ʈʂʰ,,a,
cha1,ʈʂʰa,˥,flat,ʈʂʰ,,a,
cha2,ʈʂʰa,˧˥,rising,ʈʂʰ,,a,
cha3,ʈʂʰa,˨˩˦,falling-rising,ʈʂʰ,,a,
cha4,ʈʂʰa,˥˩,falling,ʈʂʰ,,a,
chai0,ʈʂʰai,,neutral,ʈʂʰ,,a,i
chai1,ʈʂʰai,˥,flat,ʈʂʰ,,a,i
chai2,ʈʂʰai,˧˥,rising,ʈʂʰ,,a,i
chai3,ʈʂʰai,˨˩˦,falling-rising,ʈʂʰ,,a,i
chai4,ʈʂʰai,˥˩,falling,ʈʂʰ,,a,i
chan0,ʈʂʰan,,neutral,ʈʂʰ,,a,n
chan1,ʈʂʰan,˥,flat,ʈʂʰ,,a,n
chan2,ʈʂʰan,˧˥,rising,ʈʂʰ,,a,n
chan3,ʈʂʰan,˨˩˦,falling-rising,ʈʂʰ,,a,n
chan4,ʈʂʰan,˥˩,falling,ʈʂʰ,,a,n
chang0,ʈʂʰɑŋ,,neutral,ʈʂʰ,,ɑ,ŋ
chang1,ʈʂʰɑŋ,˥,flat,ʈʂʰ,,ɑ,ŋ
chang2,ʈʂʰɑŋ,˧˥,rising,ʈʂʰ,,ɑ,ŋ
chang3,ʈʂʰɑŋ,˨˩˦,falling-rising,ʈʂʰ,,ɑ,ŋ
chang4,ʈʂʰɑŋ,˥˩,falling,ʈʂʰ,,ɑ,ŋ
chao0,ʈʂʰɑu,,neutral,ʈʂʰ,,ɑ,u
chao1,ʈʂʰɑu,˥,flat,ʈʂʰ,,ɑ,u
chao2,ʈʂʰɑu,˧˥,rising,ʈʂʰ,,ɑ,u
chao3,ʈʂʰɑu,˨˩˦,falling-rising,ʈʂʰ,,ɑ,u
chao4,ʈʂʰɑu,˥˩,falling,ʈʂʰ,,ɑ,u
che0,ʈʂʰɤ,,neutral,ʈʂʰ,,ɤ,
che1,ʈʂʰɤ,˥,flat,ʈʂʰ,,ɤ,
che2,ʈʂʰɤ,˧˥,rising,ʈʂʰ,,ɤ,
che3,ʈʂʰɤ,˨˩˦,falling-rising,ʈʂʰ,,ɤ,
che4,ʈʂʰɤ,˥˩,falling,ʈʂʰ,,ɤ,
chen0,ʈʂʰən,,neutral,ʈʂʰ,,ə,n
chen1,ʈʂʰən,˥,flat,ʈʂʰ,,ə,n
chen2,ʈʂʰən,˧˥,rising,ʈʂʰ,,ə,n
chen3,ʈʂʰən,˨˩˦,falling-rising,ʈʂʰ,,ə,n
chen4,ʈʂʰən,˥˩,falling,ʈʂʰ,,ə,n
cheng0,ʈʂʰəŋ,,neutral,ʈʂʰ,,ə,ŋ
cheng1,ʈʂʰəŋ,˥,flat,ʈʂʰ,,ə,ŋ
cheng2,ʈʂʰəŋ,˧˥,rising,ʈʂʰ,,ə,ŋ
cheng3,ʈʂʰəŋ,˨˩˦,falling-rising,ʈʂʰ,,ə,ŋ
cheng4,ʈʂʰəŋ,˥˩,falling,ʈʂʰ,,ə,ŋ
chi0,ʈʂʰɨ,,neutral,ʈʂʰ,,ɨ,
chi1,ʈʂʰɨ,˥,flat,ʈʂʰ,,ɨ,
chi2,ʈʂʰɨ,˧˥,rising,ʈʂʰ,,ɨ,
chi3,ʈʂʰɨ,˨˩˦,falling-rising,ʈʂʰ,,ɨ,
chi4,ʈʂʰɨ,˥˩,falling,ʈʂʰ,,ɨ,
chong0,ʈʂʰʊŋ,,neutral,ʈʂʰ,,ʊ,ŋ
chong1,ʈʂʰʊŋ,˥,flat,ʈʂʰ,,ʊ,ŋ
chong2,ʈʂʰʊŋ,˧˥,rising,ʈʂʰ,,ʊ,ŋ
chong3,ʈʂʰʊŋ,˨˩˦,falling-rising,ʈʂʰ,,ʊ,ŋ
chong4,ʈʂʰʊŋ,˥˩,falling,ʈʂʰ,,ʊ,ŋ
chou0,ʈʂʰəu,,neutral,ʈʂʰ,,ə,u
chou1,ʈʂʰəu,˥,flat,ʈʂʰ,,ə,u
chou2,ʈʂʰəu,˧˥,rising,ʈʂʰ,,ə,u
chou3,ʈʂʰəu,˨˩˦,falling-rising,ʈʂʰ,,ə,u
chou4,ʈʂʰəu,˥˩,falling,ʈʂʰ,,ə,u
chu0,ʈʂʰu,,neutral,ʈʂʰ,,u,
chu1,ʈʂʰu,˥,flat,ʈʂʰ,,u,
chu2,ʈʂʰu,˧˥,rising,ʈʂʰ,,u,
chu3,ʈʂʰu,˨˩˦,falling-rising,ʈʂʰ,,u,
chu4,ʈʂʰu,˥˩,falling,ʈʂʰ,,u,
chuai0,ʈʂʰuai,,neutral,ʈʂʰ,u,a,i
chuai1,ʈʂʰuai,˥,flat,ʈʂʰ,u,a,i
chuai2,ʈʂʰuai,˧˥,rising,ʈʂʰ,u,a,i
chuai3,ʈʂʰuai,˨˩˦,falling-rising,ʈʂʰ,u,a,i
chuai4,ʈʂʰuai,˥˩,falling,ʈʂʰ,u,a,i
chuan0,ʈʂʰuan,,neutral,ʈʂʰ,u,a,n
chuan1,ʈʂʰuan,˥,flat,ʈʂʰ,u,a,n
chuan2,ʈʂʰuan,˧˥,rising,ʈʂʰ,u,a,n
chuan3,ʈʂʰuan,˨˩˦,falling-rising,ʈʂʰ,u,a,n
chuan4,ʈʂʰuan,˥˩,falling,ʈʂʰ,u,a,n
chuang0,ʈʂʰuɑŋ,,neutral,ʈʂʰ,u,ɑ,ŋ
chuang1,ʈʂʰuɑŋ,˥,flat,ʈʂʰ,u,ɑ,ŋ
chuang2,ʈʂʰuɑŋ,˧˥,rising,ʈʂʰ,u,ɑ,ŋ
chuang3,ʈʂʰuɑŋ,˨˩˦,falling-rising,ʈʂʰ,u,ɑ,ŋ
chuang4,ʈʂʰuɑŋ,˥˩,falling,ʈʂʰ,u,ɑ,ŋ
chui0,ʈʂʰuei,,neutral,ʈʂʰ,u,e,i
chui1,ʈʂʰuei,˥,flat,ʈʂʰ,u,e,i
chui2,ʈʂʰuei,˧˥,rising,ʈʂʰ,u,e,i
chui3,ʈʂʰuei,˨˩˦,falling-rising,ʈʂʰ,u,e,i
chui4,ʈʂʰuei,˥˩,falling,ʈʂʰ,u,e,i
chun0,ʈʂʰuən,,neutral,ʈʂʰ,u,ə,n
chun1,ʈʂʰuən,˥,flat,ʈʂʰ,u,ə,n
chun2,ʈʂʰuən,˧˥,rising,ʈʂʰ,u,ə,n
chun3,ʈʂʰuən,˨˩˦,falling-rising,ʈʂʰ,u,ə,n
chun4,ʈʂʰuən,˥˩,falling,ʈʂʰ,u,ə,n
chuo0,ʈʂʰuo,,neutral,ʈʂʰ,u,o,
chuo1,ʈʂʰuo,˥,flat,ʈʂʰ,u,o,
chuo2,ʈʂʰuo,˧˥,rising,ʈʂʰ,u,o,
chuo3,ʈʂʰuo,˨˩˦,falling-rising,ʈʂʰ,u,o,
chuo4,ʈʂʰuo,˥˩,falling,ʈʂʰ,u,o,
ci0,tsʰɯ,,neutral,tsʰ,,ɯ,
ci1,tsʰɯ,˥,flat,tsʰ,,ɯ,
ci2,tsʰɯ,˧˥,rising,tsʰ,,ɯ,
ci3,tsʰɯ,˨˩˦,falling-rising,tsʰ,,ɯ,
ci4,tsʰɯ,˥˩,falling,tsʰ,,ɯ,
cong0,tsʰʊŋ,,neutral,tsʰ,,ʊ,ŋ
cong1,tsʰʊŋ,˥,flat,tsʰ,,ʊ,ŋ
cong2,tsʰʊŋ,˧˥,rising,tsʰ,,ʊ,ŋ
cong3,tsʰʊŋ,˨˩˦,falling-rising,tsʰ,,ʊ,ŋ
cong4,tsʰʊŋ,˥˩,falling,tsʰ,,ʊ,ŋ
cou0,tsʰəu,,neutral,tsʰ,,ə,u
cou1,tsʰəu,˥,flat,tsʰ,,ə,u
cou2,tsʰəu,˧˥,rising,tsʰ,,ə,u
cou3,tsʰəu,˨˩˦,falling-rising,tsʰ,,ə,u
cou4,tsʰəu,˥˩,falling,tsʰ,,ə,u
cu0,tsʰu,,neutral,tsʰ,,u,
cu1,tsʰu,˥,flat,tsʰ,,u,
cu2,tsʰu,˧˥,rising,tsʰ,,u,
cu3,tsʰu,˨˩˦,falling-rising,tsʰ,,u,
cu4,tsʰu,˥˩,falling,tsʰ,,u,
cuan0,tsʰuan,,neutral,tsʰ,u,a,n
cuan1,tsʰuan,˥,flat,tsʰ,u,a,n
cuan2,tsʰuan,˧˥,rising,tsʰ,u,a,n
cuan3,tsʰuan,˨˩˦,falling-rising,tsʰ,u,a,n
cuan4,tsʰuan,˥˩,falling,tsʰ,u,a,n
cui0,tsʰuei,,neutral,tsʰ,u,e,i
cui1,tsʰuei,˥,flat,tsʰ,u,e,i
cui2,tsʰuei,˧˥,rising,tsʰ,u,e,i
cui3,tsʰuei,˨˩˦,falling-rising,tsʰ,u,e,i
cui4,tsʰuei,˥˩,falling,tsʰ,u,e,i
cun0,tsʰuən,,neutral,tsʰ,u,ə,n
cun1,tsʰuən,˥,flat,tsʰ,u,ə,n
cun2,tsʰuən,˧˥,rising,tsʰ,u,ə,n
cun3,tsʰuən,˨˩˦,falling-rising,tsʰ,u,ə,n
cun4,tsʰuən,˥˩,falling,tsʰ,u,ə,n
cuo0,tsʰuo,,neutral,tsʰ,u,o,
cuo1,tsʰuo,˥,flat,tsʰ,u,o,
cuo2,tsʰuo,˧˥,rising,tsʰ,u,o,
cuo3,tsʰuo,˨˩˦,falling-rising,tsʰ,u,o,
cuo4,tsʰuo,˥˩,falling,tsʰ,u,o,
da0,ta,,neutral,t,,a,
da1,ta,˥,flat,t,,a,
da2,ta,˧˥,rising,t,,a,
da3,ta,˨˩˦,falling-rising,t,,a,
da4,ta,˥˩,falling,t,,a,
dai0,tai,,neutral,t,,a,i
dai1,tai,˥,flat,t,,a,i
dai2,tai,˧˥,rising,t,,a,i
dai3,tai,˨˩˦,falling-rising,t,,a,i
dai4,tai,˥˩,falling,t,,a,i
dan0,tan,,neutral,t,,a,n
dan1,tan,˥,flat,t,,a,n
dan2,tan,˧˥,rising,t,,a,n
dan3,tan,˨˩˦,falling-rising,t,,a,n
dan4,tan,˥˩,falling,t,,a,n
dang0,tɑŋ,,neutral,t,,ɑ,ŋ
dang1,tɑŋ,˥,flat,t,,ɑ,ŋ
dang2,tɑŋ,˧˥,rising,t,,ɑ,ŋ
dang3,tɑŋ,˨˩˦,falling-rising,t,,ɑ,ŋ
dang4,tɑŋ,˥˩,falling,t,,ɑ,ŋ
dao0,tɑu,,neutral,t,,ɑ,u
dao1,tɑu,˥,flat,t,,ɑ,u
dao2,tɑu,˧˥,rising,t,,ɑ,u
dao3,tɑu,˨˩˦,falling-rising,t,,ɑ,u
dao4,tɑu,˥˩,falling,t,,ɑ,u
de0,tɤ,,neutral,t,,ɤ,
de1,tɤ,˥,flat,t,,ɤ,
de2,tɤ,˧˥,rising,t,,ɤ,
de3,tɤ,˨˩˦,falling-rising,t,,ɤ,
de4,tɤ,˥˩,falling,t,,ɤ,
den0,tən,,neutral,t,,ə,n
den1,tən,˥,flat,t,,ə,n
den2,tən,˧˥,rising,t,,ə,n
den3,tən,˨˩˦,falling-rising,t,,ə,n
den4,tən,˥˩,falling,t,,ə,n
deng0,təŋ,,neutral,t,,ə,ŋ
deng1,təŋ,˥,flat,t,,ə,ŋ
deng2,təŋ,˧˥,rising,t,,ə,ŋ
deng3,təŋ,˨˩˦,falling-rising,t,,ə,ŋ
deng4,təŋ,˥˩,falling,t,,ə,ŋ
di0,ti,,neutral,t,,i,
di1,ti,˥,flat,t,,i,
di2,ti,˧˥,rising,t,,i,
di3,ti,˨˩˦,falling-rising,t,,i,
di4,ti,˥˩,falling,t,,i,
dia0,tia,,neutral,t,i,a,
dia1,tia,˥,flat,t,i,a,
dia2,tia,˧˥,rising,t,i,a,
dia3,tia,˨˩˦,falling-rising,t,i,a,
dia4,tia,˥˩,falling,t,i,a,
dian0,tian,,neutral,t,i,a,n
dian1,tian,˥,flat,t,i,a,n
dian2,tian,˧˥,rising,t,i,a,n
dian3,tian,˨˩˦,falling-rising,t,i,a,n
dian4,tian,˥˩,falling,t,i,a,n
diao0,tiɑu,,neutral,t,i,ɑ,u
diao1,tiɑu,˥,flat,t,i,ɑ,u
diao2,tiɑu,˧˥,rising,t,i,ɑ,u
diao3,tiɑu,˨˩˦,falling-rising,t,i,ɑ,u
diao4,tiɑu,˥˩,falling,t,i,ɑ,u
die0,tiɛ,,neutral,t,i,ɛ,
die1,tiɛ,˥,flat,t,i,ɛ,
die2,tiɛ,˧˥,rising,t,i,ɛ,
die3,tiɛ,˨˩˦,falling-rising,t,i,ɛ,
die4,tiɛ,˥˩,falling,t,i,ɛ,
ding0,tiŋ,,neutral,t,,i,ŋ
ding1,tiŋ,˥,flat,t,,i,ŋ
ding2,tiŋ,˧˥,rising,t,,i,ŋ
ding3,tiŋ,˨˩˦,falling-rising,t,,i,ŋ
ding4,tiŋ,˥˩,falling,t,,i,ŋ
diu0,tiəu,,neutral,t,i,ə,u
diu1,tiəu,˥,flat,t,i,ə,u
diu2,tiəu,˧˥,rising,t,i,ə,u
diu3,tiəu,˨˩˦,falling-rising,t,i,ə,u
diu4,tiəu,˥˩,falling,t,i,ə,u
dong0,tʊŋ,,neutral,t,,ʊ,ŋ
dong1,tʊŋ,˥,flat,t,,ʊ,ŋ
dong2,tʊŋ,˧˥,rising,t,,ʊ,ŋ
dong3,tʊŋ,˨˩˦,falling-rising,t,,ʊ,ŋ
dong4,tʊŋ,˥˩,falling,t,,ʊ,ŋ
dou0,təu,,neutral,t,,ə,u
dou1,təu,˥,flat,t,,ə,u
dou2,təu,˧˥,rising,t,,ə,u
dou3,təu,˨˩˦,falling-rising,t,,ə,u
dou4,təu,˥˩,falling,t,,ə,u
du0,tu,,neutral,t,,u,
du1,tu,˥,flat,t,,u,
du2,tu,˧˥,rising,t,,u,
du3,tu,˨˩˦,falling-rising,t,,u,
du4,tu,˥˩,falling,t,,u,
duan0,tuan,,neutral,t,u,a,n
duan1,tuan,˥,flat,t,u,a,n
duan2,tuan,˧˥,rising,t,u,a,n
duan3,tuan,˨˩˦,falling-rising,t,u,a,n
duan4,tuan,˥˩,falling,t,u,a,n
dui0,tuei,,neutral,t,u,e,i
dui1,tuei,˥,flat,t,u,e,i
dui2,tuei,˧˥,rising,t,u,e,i
dui3,tuei,˨˩˦,falling-rising,t,u,e,i
dui4,tuei,˥˩,falling,t,u,e,i
dun0,tuən,,neutral,t,u,ə,n
dun1,tuən,˥,flat,t,u,ə,n
dun2,tuən,˧˥,rising,t,u,ə,n
dun3,tuən,˨˩˦,falling-rising,t,u,ə,n
dun4,tuən,˥˩,falling,t,u,ə,n
duo0,tuo,,neutral,t,u,o,
duo1,tuo,˥,flat,t,u,o,
duo2,tuo,˧˥,rising,t,u,o,
duo3,tuo,˨˩˦,falling-rising,t,u,o,
duo4,tuo,˥˩,falling,t,u,o,
e0,ɤ,,neutral,,,ɤ,
e1,ɤ,˥,flat,,,ɤ,
e2,ɤ,˧˥,rising,,,ɤ,
e3,ɤ,˨˩˦,falling-rising,,,ɤ,
e4,ɤ,˥˩,falling,,,ɤ,
en0,ən,,neutral,,,ə,n
en1,ən,˥,flat,,,ə,n
en2,ən,˧˥,rising,,,ə,n
en3,ən,˨˩˦,falling-rising,,,ə,n
en4,ən,˥˩,falling,,,ə,n
er0,əʐ,,neutral,,,ə,ʐ
er1,əʐ,˥,flat,,,ə,ʐ
er2,əʐ,˧˥,rising,,,ə,ʐ
er3,əʐ,˨˩˦,falling-rising,,,ə,ʐ
er4,əʐ,˥˩,falling,,,ə,ʐ
fa0,fa,,neutral,f,,a,
fa1,fa,˥,flat,f,,a,
fa2,fa,˧˥,rising,f,,a,
fa3,fa,˨˩˦,falling-rising,f,,a,
fa4,fa,˥˩,falling,f,,a,
fan0,fan,,neutral,f,,a,n
fan1,fan,˥,flat,f,,a,n
fan2,fan,˧˥,rising,f,,a,n
fan3,fan,˨˩˦,falling-rising,f,,a,n
fan4,fan,˥˩,falling,f,,a,n
fang0,fɑŋ,,neutral,f,,ɑ,ŋ
fang1,fɑŋ,˥,flat,f,,ɑ,ŋ
fang2,fɑŋ,˧˥,rising,f,,ɑ,ŋ
fang3,fɑŋ,˨˩˦,falling-rising,f,,ɑ,ŋ
fang4,fɑŋ,˥˩,falling,f,,ɑ,ŋ
fei0,fei,,neutral,f,,e,i
fei1,fei,˥,flat,f,,e,i
fei2,fei,˧˥,rising,f,,e,i
fei3,fei,˨˩˦,falling-rising,f,,e,i
fei4,fei,˥˩,falling,f,,e,i
fen0,fən,,neutral,f,,ə,n
fen1,fən,˥,flat,f,,ə,n
fen2,fən,˧˥,rising,f,,ə,n
fen3,fən,˨˩˦,falling-rising,f,,ə,n
fen4,fən,˥˩,falling,f,,ə,n
feng0,fəŋ,,neutral,f,,ə,ŋ
feng1,fəŋ,˥,flat,f,,ə,ŋ
feng2,fəŋ,˧˥,rising,f,,ə,ŋ
feng3,fəŋ,˨˩˦,falling-rising,f,,ə,ŋ
feng4,fəŋ,˥˩,falling,f,,ə,ŋ
fo0,fo,,neutral,f,,o,
fo1,fo,˥,flat,f,,o,
fo2,fo,˧˥,rising,f,,o,
fo3,fo,˨˩˦,falling-rising,f,,o,
fo4,fo,˥˩,falling,f,,o,
fou0,fəu,,neutral,f,,ə,u
fou1,fəu,˥,flat,f,,ə,u
fou2,fəu,˧˥,rising,f,,ə,u
fou3,fəu,˨˩˦,falling-rising,f,,ə,u
fou4,fəu,˥˩,falling,f,,ə,u
fu0,fu,,neutral,f,,u,
fu1,fu,˥,flat,f,,u,
fu2,fu,˧˥,rising,f,,u,
fu3,fu,˨˩˦,falling-rising,f,,u,
fu4,fu,˥˩,falling,f,,u,
ga0,ka,,neutral,k,,a,
ga1,ka,˥,flat,k,,a,
ga2,ka,˧˥,rising,k,,a,
ga3,ka,˨˩˦,falling-rising,k,,a,
ga4,ka,˥˩,falling,k,,a,
gai0,kai,,neutral,k,,a,i
gai1,kai,˥,flat,k,,a,i
gai2,kai,˧˥,rising,k,,a,i
gai3,kai,˨˩˦,falling-rising,k,,a,i
gai4,kai,˥˩,falling,k,,a,i
gan0,kan,,neutral,k,,a,n
gan1,kan,˥,flat,k,,a,n
gan2,kan,˧˥,rising,k,,a,n
gan3,kan,˨˩˦,falling-rising,k,,a,n
gan4,kan,˥˩,falling,k,,a,n
gang0,kɑŋ,,neutral,k,,ɑ,ŋ
gang1,kɑŋ,˥,flat,k,,ɑ,ŋ
gang2,kɑŋ,˧˥,rising,k,,ɑ,ŋ
gang3,kɑŋ,˨˩˦,falling-rising,k,,ɑ,ŋ
gang4,kɑŋ,˥˩,falling,k,,ɑ,ŋ
gao0,kɑu,,neutral,k,,ɑ,u
gao1,kɑu,˥,flat,k,,ɑ,u
gao2,kɑu,˧˥,rising,k,,ɑ,u
gao3,kɑu,˨˩˦,falling-rising,k,,ɑ,u
gao4,kɑu,˥˩,falling,k,,ɑ,u
ge0,kɤ,,neutral,k,,ɤ,
ge1,kɤ,˥,flat,k,,ɤ,
ge2,kɤ,˧˥,rising,k,,ɤ,
ge3,kɤ,˨˩˦,falling-rising,k,,ɤ,
ge4,kɤ,˥˩,falling,k,,ɤ,
gei0,kei,,neutral,k,,e,i
gei1,kei,˥,flat,k,,e,i
gei2,kei,˧˥,rising,k,,e,i
gei3,kei,˨˩˦,falling-rising,k,,e,i
gei4,kei,˥˩,falling,k,,e,i
gen0,kən,,neutral,k,,ə,n
gen1,kən,˥,flat,k,,ə,n
gen2,kən,˧˥,rising,k,,ə,n
gen3,kən,˨˩˦,falling-rising,k,,ə,n
gen4,kən,˥˩,falling,k,,ə,n
geng0,kəŋ,,neutral,k,,ə,ŋ
geng1,kəŋ,˥,flat,k,,ə,ŋ
geng2,kəŋ,˧˥,rising,k,,ə,ŋ
geng3,kəŋ,˨˩˦,falling-rising,k,,ə,ŋ
geng4,kəŋ,˥˩,falling,k,,ə,ŋ
gong0,kʊŋ,,neutral,k,,ʊ,ŋ
gong1,kʊŋ,˥,flat,k,,ʊ,ŋ
gong2,kʊŋ,˧˥,rising,k,,ʊ,ŋ
gong3,kʊŋ,˨˩˦,falling-rising,k,,ʊ,ŋ
gong4,kʊŋ,˥˩,falling,k,,ʊ,ŋ
gou0,kəu,,neutral,k,,ə,u
gou1,kəu,˥,flat,k,,ə,u
gou2,kəu,˧˥,rising,k,,ə,u
gou3,kəu,˨˩˦,falling-rising,k,,ə,u
gou4,kəu,˥˩,falling,k,,ə,u
gu0,ku,,neutral,k,,u,
gu1,ku,˥,flat,k,,u,
gu2,ku,˧˥,rising,k,,u,
gu3,ku,˨˩˦,falling-rising,k,,u,
gu4,ku,˥˩,falling,k,,u,
gua0,kua,,neutral,k,u,a,
gua1,kua,˥,flat,k,u,a,
gua2,kua,˧˥,rising,k,u,a,
gua3,kua,˨˩˦,falling-rising,k,u,a,
gua4,kua,˥˩,falling,k,u,a,
guai0,kuai,,neutral,k,u,a,i
guai1,kuai,˥,flat,k,u,a,i
guai2,kuai,˧˥,rising,k,u,a,i
guai3,kuai,˨˩˦,falling-rising,k,u,a,i
guai4,kuai,˥˩,falling,k,u,a,i
guan0,kuan,,neutral,k,u,a,n
guan1,kuan,˥,flat,k,u,a,n
guan2,kuan,˧˥,rising,k,u,a,n
guan3,kuan,˨˩˦,falling-rising,k,u,a,n
guan4,kuan,˥˩,falling,k,u,a,n
guang0,kuɑŋ,,neutral,k,u,ɑ,ŋ
guang1,kuɑŋ,˥,flat,k,u,ɑ,ŋ
guang2,kuɑŋ,˧˥,rising,k,u,ɑ,ŋ
guang3,kuɑŋ,˨˩˦,falling-rising,k,u,ɑ,ŋ
guang4,kuɑŋ,˥˩,falling,k,u,ɑ,ŋ
gui0,kuei,,neutral,k,u,e,i
gui1,kuei,˥,flat,k,u,e,i
gui2,kuei,˧˥,rising,k,u,e,i
gui3,kuei,˨˩˦,falling-rising,k,u,e,i
gui4,kuei,˥˩,falling,k,u,e,i
gun0,kuən,,neutral,k,u,ə,n
gun1,kuən,˥,flat,k,u,ə,n
gun2,kuən,˧˥,rising,k,u,ə,n
gun3,kuən,˨˩˦,falling-rising,k,u,ə,n
gun4,kuən,˥˩,falling,k,u,ə,n
guo0,kuo,,neutral,k,u,o,
guo1,kuo,˥,flat,k,u,o,
guo2,kuo,˧˥,rising,k,u,o,
guo3,kuo,˨˩˦,falling-rising,k,u,o,
guo4,kuo,˥˩,falling,k,u,o,
ha0,xa,,neutral,x,,a,
ha1,xa,˥,flat,x,,a,
ha2,xa,˧˥,rising,x,,a,
ha3,xa,˨˩˦,falling-rising,x,,a,
ha4,xa,˥˩,falling,x,,a,
hai0,xai,,neutral,x,,a,i
hai1,xai,˥,flat,x,,a,i
hai2,xai,˧˥,rising,x,,a,i
hai3,xai,˨˩˦,falling-rising,x,,a,i
hai4,xai,˥˩,falling,x,,a,i
han0,xan,,neutral,x,,a,n
han1,xan,˥,flat,x,,a,n
han2,xan,˧˥,rising,x,,a,n
han3,xan,˨˩˦,falling-rising,x,,a,n
han4,xan,˥˩,falling,x,,a,n
hang0,xɑŋ,,neutral,x,,ɑ,ŋ
hang1,xɑŋ,˥,flat,x,,ɑ,ŋ
hang2,xɑŋ,˧˥,rising,x,,ɑ,ŋ
hang3,xɑŋ,˨˩˦,falling-rising,x,,ɑ,ŋ
hang4,xɑŋ,˥˩,falling,x,,ɑ,ŋ
hao0,xɑu,,neutral,x,,ɑ,u
hao1,xɑu,˥,flat,x,,ɑ,u
hao2,xɑu,˧˥,rising,x,,ɑ,u
hao3,xɑu,˨˩˦,falling-rising,x,,ɑ,u
hao4,xɑu,˥˩,falling,x,,ɑ,u
he0,xɤ,,neutral,x,,ɤ,
he1,xɤ,˥,flat,x,,ɤ,
he2,xɤ,˧˥,rising,x,,ɤ,
he3,xɤ,˨˩˦,falling-rising,x,,ɤ,
he4,xɤ,˥˩,falling,x,,ɤ,
hei0,xei,,neutral,x,,e,i
hei1,xei,˥,flat,x,,e,i
hei2,xei,˧˥,rising,x,,e,i
hei3,xei,˨˩˦,falling-rising,x,,e,i
hei4,xei,˥˩,falling,x,,e,i
hen0,xən,,neutral,x,,ə,n
hen1,xən,˥,flat,x,,ə,n
hen2,xən,˧˥,rising,x,,ə,n
hen3,xən,˨˩˦,falling-rising,x,,ə,n
hen4,xən,˥˩,falling,x,,ə,n
heng0,xəŋ,,neutral,x,,ə,ŋ
heng1,xəŋ,˥,flat,x,,ə,ŋ
heng2,xəŋ,˧˥,rising,x,,ə,ŋ
heng3,xəŋ,˨˩˦,falling-rising,x,,ə,ŋ
heng4,xəŋ,˥˩,falling,x,,ə,ŋ
hong0,xʊŋ,,neutral,x,,ʊ,ŋ
hong1,xʊŋ,˥,flat,x,,ʊ,ŋ
hong2,xʊŋ,˧˥,rising,x,,ʊ,ŋ
hong3,xʊŋ,˨˩˦,falling-rising,x,,ʊ,ŋ
hong4,xʊŋ,˥˩,falling,x,,ʊ,ŋ
hou0,xəu,,neutral,x,,ə,u
hou1,xəu,˥,flat,x,,ə,u
hou2,xəu,˧˥,rising,x,,ə,u
hou3,xəu,˨˩˦,falling-rising,x,,ə,u
hou4,xəu,˥˩,falling,x,,ə,u
hu0,xu,,neutral,x,,u,
hu1,xu,˥,flat,x,,u,
hu2,xu,˧˥,rising,x,,u,
hu3,xu,˨˩˦,falling-rising,x,,u,
hu4,xu,˥˩,falling,x,,u,
hua0,xua,,neutral,x,u,a,
hua1,xua,˥,flat,x,u,a,
hua2,xua,˧˥,rising,x,u,a,
hua3,xua,˨˩˦,falling-rising,x,u,a,
hua4,xua,˥˩,falling,x,u,a,
huai0,xuai,,neutral,x,u,a,i
huai1,xuai,˥,flat,x,u,a,i
huai2,xuai,˧˥,rising,x,u,a,i
huai3,xuai,˨˩˦,falling-rising,x,u,a,i
huai4,xuai,˥˩,falling,x,u,a,i
huan0,xuan,,neutral,x,u,a,n
huan1,xuan,˥,flat,x,u,a,n
huan2,xuan,˧˥,rising,x,u,a,n
huan3,xuan,˨˩˦,falling-rising,x,u,a,n
huan4,xuan,˥˩,falling,x,u,a,n
huang0,xuɑŋ,,neutral,x,u,ɑ,ŋ
huang1,xuɑŋ,˥,flat,x,u,ɑ,ŋ
huang2,xuɑŋ,˧˥,rising,x,u,ɑ,ŋ
huang3,xuɑŋ,˨˩˦,falling-rising,x,u,ɑ,ŋ
huang4,xuɑŋ,˥˩,falling,x,u,ɑ,ŋ
hui0,xuei,,neutral,x,u,e,i
hui1,xuei,˥,flat,x,u,e,i
hui2,xuei,˧˥,rising,x,u,e,i
hui3,xuei,˨˩˦,falling-rising,x,u,e,i
hui4,xuei,˥˩,falling,x,u,e,i
hun0,xuən,,neutral,x,u,ə,n
hun1,xuən,˥,flat,x,u,ə,n
hun2,xuən,˧˥,rising,x,u,ə,n
hun3,xuən,˨˩˦,falling-rising,x,u,ə,n
hun4,xuən,˥˩,falling,x,u,ə,n
huo0,xuo,,neutral,x,u,o,
huo1,xuo,˥,flat,x,u,o,
huo2,xuo,˧˥,rising,x,u,o,
huo3,xuo,˨˩˦,falling-rising,x,u,o,
huo4,xuo,˥˩,falling,x,u,o,
ji0,tɕi,,neutral,tɕ,,i,
ji1,tɕi,˥,flat,tɕ,,i,
ji2,tɕi,˧˥,rising,tɕ,,i,
ji3,tɕi,˨˩˦,falling-rising,tɕ,,i,
ji4,tɕi,˥˩,falling,tɕ,,i,
jia0,tɕia,,neutral,tɕ,i,a,
jia1,tɕia,˥,flat,tɕ,i,a,
jia2,tɕia,˧˥,rising,tɕ,i,a,
jia3,tɕia,˨˩˦,falling-rising,tɕ,i,a,
jia4,tɕia,˥˩,falling,tɕ,i,a,
jian0,tɕian,,neutral,tɕ,i,a,n
jian1,tɕian,˥,flat,tɕ,i,a,n
jian2,tɕian,˧˥,rising,tɕ,i,a,n
jian3,tɕian,˨˩˦,falling-rising,tɕ,i,a,n
jian4,tɕian,˥˩,falling,tɕ,i,a,n
jiang0,tɕiɑŋ,,neutral,tɕ,i,ɑ,ŋ
jiang1,tɕiɑŋ,˥,flat,tɕ,i,ɑ,ŋ
jiang2,tɕiɑŋ,˧˥,rising,tɕ,i,ɑ,ŋ
jiang3,tɕiɑŋ,˨˩˦,falling-rising,tɕ,i,ɑ,ŋ
jiang4,tɕiɑŋ,˥˩,falling,tɕ,i,ɑ,ŋ
jiao0,tɕiɑu,,neutral,tɕ,i,ɑ,u
jiao1,tɕiɑu,˥,flat,tɕ,i,ɑ,u
jiao2,tɕiɑu,˧˥,rising,tɕ,i,ɑ,u
jiao3,tɕiɑu,˨˩˦,falling-rising,tɕ,i,ɑ,u
jiao4,tɕiɑu,˥˩,falling,tɕ,i,ɑ,u
jie0,tɕiɛ,,neutral,tɕ,i,ɛ,
jie1,tɕiɛ,˥,flat,tɕ,i,ɛ,
jie2,tɕiɛ,˧˥,rising,tɕ,i,ɛ,
jie3,tɕiɛ,˨˩˦,falling-rising,tɕ,i,ɛ,
jie4,tɕiɛ,˥˩,falling,tɕ,i,ɛ,
jin0,tɕin,,neutral,tɕ,,i,n
jin1,tɕin,˥,flat,tɕ,,i,n
jin2,tɕin,˧˥,rising,tɕ,,i,n
jin3,tɕin,˨˩˦,falling-rising,tɕ,,i,n
jin4,tɕin,˥˩,falling,tɕ,,i,n
jing0,tɕiŋ,,neutral,tɕ,,i,ŋ
jing1,tɕiŋ,˥,flat,tɕ,,i,ŋ
jing2,tɕiŋ,˧˥,rising,tɕ,,i,ŋ
jing3,tɕiŋ,˨˩˦,falling-rising,tɕ,,i,ŋ
jing4,tɕiŋ,˥˩,falling,tɕ,,i,ŋ
jiong0,tɕiʊŋ,,neutral,tɕ,i,ʊ,ŋ
jiong1,tɕiʊŋ,˥,flat,tɕ,i,ʊ,ŋ
jiong2,tɕiʊŋ,˧˥,rising,tɕ,i,ʊ,ŋ
jiong3,tɕiʊŋ,˨˩˦,falling-rising,tɕ,i,ʊ,ŋ
jiong4,tɕiʊŋ,˥˩,falling,tɕ,i,ʊ,ŋ
jiu0,tɕiəu,,neutral,tɕ,i,ə,u
jiu1,tɕiəu,˥,flat,tɕ,i,ə,u
jiu2,tɕiəu,˧˥,rising,tɕ,i,ə,u
jiu3,tɕiəu,˨˩˦,falling-rising,tɕ,i,ə,u
jiu4,tɕiəu,˥˩,falling,tɕ,i,ə,u
ju0,tɕy,,neutral,tɕ,,y,
ju1,tɕy,˥,flat,tɕ,,y,
ju2,tɕy,˧˥,rising,tɕ,,y,
ju3,tɕy,˨˩˦,falling-rising,tɕ,,y,
ju4,tɕy,˥˩,falling,tɕ,,y,
juan0,tɕyan,,neutral,tɕ,y,a,n
juan1,tɕyan,˥,flat,tɕ,y,a,n
juan2,tɕyan,˧˥,rising,tɕ,y,a,n
juan3,tɕyan,˨˩˦,falling-rising,tɕ,y,a,n
juan4,tɕyan,˥˩,falling,tɕ,y,a,n
jue0,tɕyɛ,,neutral,tɕ,y,ɛ,
jue1,tɕyɛ,˥,flat,tɕ,y,ɛ,
jue2,tɕyɛ,˧˥,rising,tɕ,y,ɛ,
jue3,tɕyɛ,˨˩˦,falling-rising,tɕ,y,ɛ,
jue4,tɕyɛ,˥˩,falling,tɕ,y,ɛ,
jun0,tɕyn,,neutral,tɕ,,y,n
jun1,tɕyn,˥,flat,tɕ,,y,n
jun2,tɕyn,˧˥,rising,tɕ,,y,n
jun3,tɕyn,˨˩˦,falling-rising,tɕ,,y,n
jun4,tɕyn,˥˩,falling,tɕ,,y,n
ka0,kʰa,,neutral,kʰ,,a,
ka1,kʰa,˥,flat,kʰ,,a,
ka2,kʰa,˧˥,rising,kʰ,,a,
ka3,kʰa,˨˩˦,falling-rising,kʰ,,a,
ka4,kʰa,˥˩,falling,kʰ,,a,
kai0,kʰai,,neutral,kʰ,,a,i
kai1,kʰai,˥,flat,kʰ,,a,i
kai2,kʰai,˧˥,rising,kʰ,,a,i
kai3,kʰai,˨˩˦,falling-rising,kʰ,,a,i
kai4,kʰai,˥˩,falling,kʰ,,a,i
kan0,kʰan,,neutral,kʰ,,a,n
kan1,kʰan,˥,flat,kʰ,,a,n
kan2,kʰan,˧˥,rising,kʰ,,a,n
kan3,kʰan,˨˩˦,falling-rising,kʰ,,a,n
kan4,kʰan,˥˩,falling,kʰ,,a,n
kang0,kʰɑŋ,,neutral,kʰ,,ɑ,ŋ
kang1,kʰɑŋ,˥,flat,kʰ,,ɑ,ŋ
kang2,kʰɑŋ,˧˥,rising,kʰ,,ɑ,ŋ
kang3,kʰɑŋ,˨˩˦,falling-rising,kʰ,,ɑ,ŋ
kang4,kʰɑŋ,˥˩,falling,kʰ,,ɑ,ŋ
kao0,kʰɑu,,neutral,kʰ,,ɑ,u
kao1,kʰɑu,˥,flat,kʰ,,ɑ,u
kao2,kʰɑu,˧˥,rising,kʰ,,ɑ,u
kao3,kʰɑu,˨˩˦,falling-rising,kʰ,,ɑ,u
kao4,kʰɑu,˥˩,falling,kʰ,,ɑ,u
ke0,kʰɤ,,neutral,kʰ,,ɤ,
ke1,kʰɤ,˥,flat,kʰ,,ɤ,
ke2,kʰɤ,˧˥,rising,kʰ,,ɤ,
ke3,kʰɤ,˨˩˦,falling-rising,kʰ,,ɤ,
ke4,kʰɤ,˥˩,falling,kʰ,,ɤ,
ken0,kʰən,,neutral,kʰ,,ə,n
ken1,kʰən,˥,flat,kʰ,,ə,n
ken2,kʰən,˧˥,rising,kʰ,,ə,n
ken3,kʰən,˨˩˦,falling-rising,kʰ,,ə,n
ken4,kʰən,˥˩,falling,kʰ,,ə,n
keng0,kʰəŋ,,neutral,kʰ,,ə,ŋ
keng1,kʰəŋ,˥,flat,kʰ,,ə,ŋ
keng2,kʰəŋ,˧˥,rising,kʰ,,ə,ŋ
keng3,kʰəŋ,˨˩˦,falling-rising,kʰ,,ə,ŋ
keng4,kʰəŋ,˥˩,falling,kʰ,,ə,ŋ
kong0,kʰʊŋ,,neutral,kʰ,,ʊ,ŋ
kong1,kʰʊŋ,˥,flat,kʰ,,ʊ,ŋ
kong2,kʰʊŋ,˧˥,rising,kʰ,,ʊ,ŋ
kong3,kʰʊŋ,˨˩˦,falling-rising,kʰ,,ʊ,ŋ
kong4,kʰʊŋ,˥˩,falling,kʰ,,ʊ,ŋ
kou0,kʰəu,,neutral,kʰ,,ə,u
kou1,kʰəu,˥,flat,kʰ,,ə,u
kou2,kʰəu,˧˥,rising,kʰ,,ə,u
kou3,kʰəu,˨˩˦,falling-rising,kʰ,,ə,u
kou4,kʰəu,˥˩,falling,kʰ,,ə,u
ku0,kʰu,,neutral,kʰ,,u,
ku1,kʰu,˥,flat,kʰ,,u,
ku2,kʰu,˧˥,rising,kʰ,,u,
ku3,kʰu,˨˩˦,falling-rising,kʰ,,u,
ku4,kʰu,˥˩,falling,kʰ,,u,
kua0,kʰua,,neutral,kʰ,u,a,
kua1,kʰua,˥,flat,kʰ,u,a,
kua2,kʰua,˧˥,rising,kʰ,u,a,
kua3,kʰua,˨˩˦,falling-rising,kʰ,u,a,
kua4,kʰua,˥˩,falling,kʰ,u,a,
kuai0,kʰuai,,neutral,kʰ,u,a,i
kuai1,kʰuai,˥,flat,kʰ,u,a,i
kuai2,kʰuai,˧˥,rising,kʰ,u,a,i
kuai3,kʰuai,˨˩˦,falling-rising,kʰ,u,a,i
kuai4,kʰuai,˥˩,falling,kʰ,u,a,i
kuan0,kʰuan,,neutral,kʰ,u,a,n
kuan1,kʰuan,˥,flat,kʰ,u,a,n
kuan2,kʰuan,˧˥,rising,kʰ,u,a,n
kuan3,kʰuan,˨˩˦,falling-rising,kʰ,u,a,n
kuan4,kʰuan,˥˩,falling,kʰ,u,a,n
kuang0,kʰuɑŋ,,neutral,kʰ,u,ɑ,ŋ
kuang1,kʰuɑŋ,˥,flat,kʰ,u,ɑ,ŋ
kuang2,kʰuɑŋ,˧˥,rising,kʰ,u,ɑ,ŋ
kuang3,kʰuɑŋ,˨˩˦,falling-rising,kʰ,u,ɑ,ŋ
kuang4,kʰuɑŋ,˥˩,falling,kʰ,u,ɑ,ŋ
kui0,kʰuei,,neutral,kʰ,u,e,i
kui1,kʰuei,˥,flat,kʰ,u,e,i
kui2,kʰuei,˧˥,rising,kʰ,u,e,i
kui3,kʰuei,˨˩˦,falling-rising,kʰ,u,e,i
kui4,kʰuei,˥˩,falling,kʰ,u,e,i
kun0,kʰuən,,neutral,kʰ,u,ə,n
kun1,kʰuən,˥,flat,kʰ,u,ə,n
kun2,kʰuən,˧˥,rising,kʰ,u,ə,n
kun3,kʰuən,˨˩˦,falling-rising,kʰ,u,ə,n
kun4,kʰuən,˥˩,falling,kʰ,u,ə,n
kuo0,kʰuo,,neutral,kʰ,u,o,
kuo1,kʰuo,˥,flat,kʰ,u,o,
kuo2,kʰuo,˧˥,rising,kʰ,u,o,
kuo3,kʰuo,˨˩˦,falling-rising,kʰ,u,o,
kuo4,kʰuo,˥˩,falling,kʰ,u,o,
la0,la,,neutral,l,,a,
la1,la,˥,flat,l,,a,
la2,la,˧˥,rising,l,,a,
la3,la,˨˩˦,falling-rising,l,,a,
la4,la,˥˩,falling,l,,a,
lai0,lai,,neutral,l,,a,i
lai1,lai,˥,flat,l,,a,i
lai2,lai,˧˥,rising,l,,a,i
lai3,lai,˨˩˦,falling-rising,l,,a,i
lai4,lai,˥˩,falling,l,,a,i
lan0,lan,,neutral,l,,a,n
lan1,lan,˥,flat,l,,a,n
lan2,lan,˧˥,rising,l,,a,n
lan3,lan,˨˩˦,falling-rising,l,,a,n
lan4,lan,˥˩,falling,l,,a,n
lang0,lɑŋ,,neutral,l,,ɑ,ŋ
lang1,lɑŋ,˥,flat,l,,ɑ,ŋ
lang2,lɑŋ,˧˥,rising,l,,ɑ,ŋ
lang3,lɑŋ,˨˩˦,falling-rising,l,,ɑ,ŋ
lang4,lɑŋ,˥˩,falling,l,,ɑ,ŋ
lao0,lɑu,,neutral,l,,ɑ,u
lao1,lɑu,˥,flat,l,,ɑ,u
lao2,lɑu,˧˥,rising,l,,ɑ,u
lao3,lɑu,˨˩˦,falling-rising,l,,ɑ,u
lao4,lɑu,˥˩,falling,l,,ɑ,u
le0,lɤ,,neutral,l,,ɤ,
le1,lɤ,˥,flat,l,,ɤ,
le2,lɤ,˧˥,rising,l,,ɤ,
le3,lɤ,˨˩˦,falling-rising,l,,ɤ,
le4,lɤ,˥˩,falling,l,,ɤ,
lei0,lei,,neutral,l,,e,i
lei1,lei,˥,flat,l,,e,i
lei2,lei,˧˥,rising,l,,e,i
lei3,lei,˨˩˦,falling-rising,l,,e,i
lei4,lei,˥˩,falling,l,,e,i
leng0,ləŋ,,neutral,l,,ə,ŋ
leng1,ləŋ,˥,flat,l,,ə,ŋ
leng2,ləŋ,˧˥,rising,l,,ə,ŋ
leng3,ləŋ,˨˩˦,falling-rising,l,,ə,ŋ
leng4,ləŋ,˥˩,falling,l,,ə,ŋ
li0,li,,neutral,l,,i,
li1,li,˥,flat,l,,i,
li2,li,˧˥,rising,l,,i,
li3,li,˨˩˦,falling-rising,l,,i,
li4,li,˥˩,falling,l,,i,
lia0,lia,,neutral,l,i,a,
lia1,lia,˥,flat,l,i,a,
lia2,lia,˧˥,rising,l,i,a,
lia3,lia,˨˩˦,falling-rising,l,i,a,
lia4,lia,˥˩,falling,l,i,a,
lian0,lian,,neutral,l,i,a,n
lian1,lian,˥,flat,l,i,a,n
lian2,lian,˧˥,rising,l,i,a,n
lian3,lian,˨˩˦,falling-rising,l,i,a,n
lian4,lian,˥˩,falling,l,i,a,n
liang0,liɑŋ,,neutral,l,i,ɑ,ŋ
liang1,liɑŋ,˥,flat,l,i,ɑ,ŋ
liang2,liɑŋ,˧˥,rising,l,i,ɑ,ŋ
liang3,liɑŋ,˨˩˦,falling-rising,l,i,ɑ,ŋ
liang4,liɑŋ,˥˩,falling,l,i,ɑ,ŋ
liao0,liɑu,,neutral,l,i,ɑ,u
liao1,liɑu,˥,flat,l,i,ɑ,u
liao2,liɑu,˧˥,rising,l,i,ɑ,u
liao3,liɑu,˨˩˦,falling-rising,l,i,ɑ,u
liao4,liɑu,˥˩,falling,l,i,ɑ,u
lie0,liɛ,,neutral,l,i,ɛ,
lie1,liɛ,˥,flat,l,i,ɛ,
lie2,liɛ,˧˥,rising,l,i,ɛ,
lie3,liɛ,˨˩˦,falling-rising,l,i,ɛ,
lie4,liɛ,˥˩,falling,l,i,ɛ,
lin0,lin,,neutral,l,,i,n
lin1,lin,˥,flat,l,,i,n
lin2,lin,˧˥,rising,l,,i,n
lin3,lin,˨˩˦,falling-rising,l,,i,n
lin4,lin,˥˩,falling,l,,i,n
ling0,liŋ,,neutral,l,,i,ŋ
ling1,liŋ,˥,flat,l,,i,ŋ
ling2,liŋ,˧˥,rising,l,,i,ŋ
ling3,liŋ,˨˩˦,falling-rising,l,,i,ŋ
ling4,liŋ,˥˩,falling,l,,i,ŋ
liu0,liəu,,neutral,l,i,ə,u
liu1,liəu,˥,flat,l,i,ə,u
liu2,liəu,˧˥,rising,l,i,ə,u
liu3,liəu,˨˩˦,falling-rising,l,i,ə,u
liu4,liəu,˥˩,falling,l,i,ə,u
long0,lʊŋ,,neutral,l,,ʊ,ŋ
long1,lʊŋ,˥,flat,l,,ʊ,ŋ
long2,lʊŋ,˧˥,rising,l,,ʊ,ŋ
long3,lʊŋ,˨˩˦,falling-rising,l,,ʊ,ŋ
long4,lʊŋ,˥˩,falling,l,,ʊ,ŋ
lou0,ləu,,neutral,l,,ə,u
lou1,ləu,˥,flat,l,,ə,u
lou2,ləu,˧˥,rising,l,,ə,u
lou3,ləu,˨˩˦,falling-rising,l,,ə,u
lou4,ləu,˥˩,falling,l,,ə,u
lu0,lu,,neutral,l,,u,
lu1,lu,˥,flat,l,,u,
lu2,lu,˧˥,rising,l,,u,
lu3,lu,˨˩˦,falling-rising,l,,u,
lu4,lu,˥˩,falling,l,,u,
luan0,luan,,neutral,l,u,a,n
luan1,luan,˥,flat,l,u,a,n
luan2,luan,˧˥,rising,l,u,a,n
luan3,luan,˨˩˦,falling-rising,l,u,a,n
luan4,luan,˥˩,falling,l,u,a,n
lun0,luən,,neutral,l,u,ə,n
lun1,luən,˥,flat,l,u,ə,n
lun2,luən,˧˥,rising,l,u,ə,n
lun3,luən,˨˩˦,falling-rising,l,u,ə,n
lun4,luən,˥˩,falling,l,u,ə,n
luo0,luo,,neutral,l,u,o,
luo1,luo,˥,flat,l,u,o,
luo2,luo,˧˥,rising,l,u,o,
luo3,luo,˨˩˦,falling-rising,l,u,o,
luo4,luo,˥˩,falling,l,u,o,
lv0,ly,,neutral,l,,y,
lv1,ly,˥,flat,l,,y,
lv2,ly,˧˥,rising,l,,y,
lv3,ly,˨˩˦,falling-rising,l,,y,
lv4,ly,˥˩,falling,l,,y,
lve0,lyɛ,,neutral,l,y,ɛ,
lve1,lyɛ,˥,flat,l,y,ɛ,
lve2,lyɛ,˧˥,rising,l,y,ɛ,
lve3,lyɛ,˨˩˦,falling-rising,l,y,ɛ,
lve4,lyɛ,˥˩,falling,l,y,ɛ,
ma0,ma,,neutral,m,,a,
ma1,ma,˥,flat,m,,a,
ma2,ma,˧˥,rising,m,,a,
ma3,ma,˨˩˦,falling-rising,m,,a,
ma4,ma,˥˩,falling,m,,a,
mai0,mai,,neutral,m,,a,i
mai1,mai,˥,flat,m,,a,i
mai2,mai,˧˥,rising,m,,a,i
mai3,mai,˨˩˦,falling-rising,m,,a,i
mai4,mai,˥˩,falling,m,,a,i
man0,man,,neutral,m,,a,n
man1,man,˥,flat,m,,a,n
man2,man,˧˥,rising,m,,a,n
man3,man,˨˩˦,falling-rising,m,,a,n
man4,man,˥˩,falling,m,,a,n
mang0,mɑŋ,,neutral,m,,ɑ,ŋ
mang1,mɑŋ,˥,flat,m,,ɑ,ŋ
mang2,mɑŋ,˧˥,rising,m,,ɑ,ŋ
mang3,mɑŋ,˨˩˦,falling-rising,m,,ɑ,ŋ
mang4,mɑŋ,˥˩,falling,m,,ɑ,ŋ
mao0,mɑu,,neutral,m,,ɑ,u
mao1,mɑu,˥,flat,m,,ɑ,u
mao2,mɑu,˧˥,rising,m,,ɑ,u
mao3,mɑu,˨˩˦,falling-rising,m,,ɑ,u
mao4,mɑu,˥˩,falling,m,,ɑ,u
me0,mɤ,,neutral,m,,ɤ,
me1,mɤ,˥,flat,m,,ɤ,
me2,mɤ,˧˥,rising,m,,ɤ,
me3,mɤ,˨˩˦,falling-rising,m,,ɤ,
me4,mɤ,˥˩,falling,m,,ɤ,
mei0,mei,,neutral,m,,e,i
mei1,mei,˥,flat,m,,e,i
mei2,mei,˧˥,rising,m,,e,i
mei3,mei,˨˩˦,falling-rising,m,,e,i
mei4,mei,˥˩,falling,m,,e,i
men0,mən,,neutral,m,,ə,n
men1,mən,˥,flat,m,,ə,n
men2,mən,˧˥,rising,m,,ə,n
men3,mən,˨˩˦,falling-rising,m,,ə,n
men4,mən,˥˩,falling,m,,ə,n
meng0,məŋ,,neutral,m,,ə,ŋ
meng1,məŋ,˥,flat,m,,ə,ŋ
meng2,məŋ,˧˥,rising,m,,ə,ŋ
meng3,məŋ,˨˩˦,falling-rising,m,,ə,ŋ
meng4,məŋ,˥˩,falling,m,,ə,ŋ
mi0,mi,,neutral,m,,i,
mi1,mi,˥,flat,m,,i,
mi2,mi,˧˥,rising,m,,i,
mi3,mi,˨˩˦,falling-rising,m,,i,
mi4,mi,˥˩,falling,m,,i,
mian0,mian,,neutral,m,i,a,n
mian1,mian,˥,flat,m,i,a,n
mian2,mian,˧˥,rising,m,i,a,n
mian3,mian,˨˩˦,falling-rising,m,i,a,n
mian4,mian,˥˩,falling,m,i,a,n
miao0,miɑu,,neutral,m,i,ɑ,u
miao1,miɑu,˥,flat,m,i,ɑ,u
miao2,miɑu,˧˥,rising,m,i,ɑ,u
miao3,miɑu,˨˩˦,falling-rising,m,i,ɑ,u
miao4,miɑu,˥˩,falling,m,i,ɑ,u
mie0,miɛ,,neutral,m,i,ɛ,
mie1,miɛ,˥,flat,m,i,ɛ,
mie2,miɛ,˧˥,rising,m,i,ɛ,
mie3,miɛ,˨˩˦,falling-rising,m,i,ɛ,
mie4,miɛ,˥˩,falling,m,i,ɛ,
min0,min,,neutral,m,,i,n
min1,min,˥,flat,m,,i,n
min2,min,˧˥,rising,m,,i,n
min3,min,˨˩˦,falling-rising,m,,i,n
min4,min,˥˩,falling,m,,i,n
ming0,miŋ,,neutral,m,,i,ŋ
ming1,miŋ,˥,flat,m,,i,ŋ
ming2,miŋ,˧˥,rising,m,,i,ŋ
ming3,miŋ,˨˩˦,falling-rising,m,,i,ŋ
ming4,miŋ,˥˩,falling,m,,i,ŋ
miu0,miəu,,neutral,m,i,ə,u
miu1,miəu,˥,flat,m,i,ə,u
miu2,miəu,˧˥,rising,m,i,ə,u
miu3,miəu,˨˩˦,falling-rising,m,i,ə,u
miu4,miəu,˥˩,falling,m,i,ə,u
mo0,mo,,neutral,m,,o,
mo1,mo,˥,flat,m,,o,
mo2,mo,˧˥,rising,m,,o,
mo3,mo,˨˩˦,falling-rising,m,,o,
mo4,mo,˥˩,falling,m,,o,
mou0,məu,,neutral,m,,ə,u
mou1,məu,˥,flat,m,,ə,u
mou2,məu,˧˥,rising,m,,ə,u
mou3,məu,˨˩˦,falling-rising,m,,ə,u
mou4,məu,˥˩,falling,m,,ə,u
mu0,mu,,neutral,m,,u,
mu1,mu,˥,flat,m,,u,
mu2,mu,˧˥,rising,m,,u,
mu3,mu,˨˩˦,falling-rising,m,,u,
mu4,mu,˥˩,falling,m,,u,
na0,na,,neutral,n,,a,
na1,na,˥,flat,n,,a,
na2,na,˧˥,rising,n,,a,
na3,na,˨˩˦,falling-rising,n,,a,
na4,na,˥˩,falling,n,,a,
nai0,nai,,neutral,n,,a,i
nai1,nai,˥,flat,n,,a,i
nai2,nai,˧˥,rising,n,,a,i
nai3,nai,˨˩˦,falling-rising,n,,a,i
nai4,nai,˥˩,falling,n,,a,i
nan0,nan,,neutral,n,,a,n
nan1,nan,˥,flat,n,,a,n
nan2,nan,˧˥,rising,n,,a,n
nan3,nan,˨˩˦,falling-rising,n,,a,n
nan4,nan,˥˩,falling,n,,a,n
nang0,nɑŋ,,neutral,n,,ɑ,ŋ
nang1,nɑŋ,˥,flat,n,,ɑ,ŋ
nang2,nɑŋ,˧˥,rising,n,,ɑ,ŋ
nang3,nɑŋ,˨˩˦,falling-rising,n,,ɑ,ŋ
nang4,nɑŋ,˥˩,falling,n,,ɑ,ŋ
nao0,nɑu,,neutral,n,,ɑ,u
nao1,nɑu,˥,flat,n,,ɑ,u
nao2,nɑu,˧˥,rising,n,,ɑ,u
nao3,nɑu,˨˩˦,falling-rising,n,,ɑ,u
nao4,nɑu,˥˩,falling,n,,ɑ,u
ne0,nɤ,,neutral,n,,ɤ,
ne1,nɤ,˥,flat,n,,ɤ,
ne2,nɤ,˧˥,rising,n,,ɤ,
ne3,nɤ,˨˩˦,falling-rising,n,,ɤ,
ne4,nɤ,˥˩,falling,n,,ɤ,
nei0,nei,,neutral,n,,e,i
nei1,nei,˥,flat,n,,e,i
nei2,nei,˧˥,rising,n,,e,i
nei3,nei,˨˩˦,falling-rising,n,,e,i
nei4,nei,˥˩,falling,n,,e,i
nen0,nən,,neutral,n,,ə,n
nen1,nən,˥,flat,n,,ə,n
nen2,nən,˧˥,rising,n,,ə,n
nen3,nən,˨˩˦,falling-rising,n,,ə,n
nen4,nən,˥˩,falling,n,,ə,n
neng0,nəŋ,,neutral,n,,ə,ŋ
neng1,nəŋ,˥,flat,n,,ə,ŋ
neng2,nəŋ,˧˥,rising,n,,ə,ŋ
neng3,nəŋ,˨˩˦,falling-rising,n,,ə,ŋ
neng4,nəŋ,˥˩,falling,n,,ə,ŋ
ni0,ni,,neutral,n,,i,
ni1,ni,˥,flat,n,,i,
ni2,ni,˧˥,rising,n,,i,
ni3,ni,˨˩˦,falling-rising,n,,i,
ni4,ni,˥˩,falling,n,,i,
nian0,nian,,neutral,n,i,a,n
nian1,nian,˥,flat,n,i,a,n
nian2,nian,˧˥,rising,n,i,a,n
nian3,nian,˨˩˦,falling-rising,n,i,a,n
nian4,nian,˥˩,falling,n,i,a,n
niang0,niɑŋ,,neutral,n,i,ɑ,ŋ
niang1,niɑŋ,˥,flat,n,i,ɑ,ŋ
niang2,niɑŋ,˧˥,rising,n,i,ɑ,ŋ
niang3,niɑŋ,˨˩˦,falling-rising,n,i,ɑ,ŋ
niang4,niɑŋ,˥˩,falling,n,i,ɑ,ŋ
niao0,niɑu,,neutral,n,i,ɑ,u
niao1,niɑu,˥,flat,n,i,ɑ,u
niao2,niɑu,˧˥,rising,n,i,ɑ,u
niao3,niɑu,˨˩˦,falling-rising,n,i,ɑ,u
niao4,niɑu,˥˩,falling,n,i,ɑ,u
nie0,niɛ,,neutral,n,i,ɛ,
nie1,niɛ,˥,flat,n,i,ɛ,
nie2,niɛ,˧˥,rising,n,i,ɛ,
nie3,niɛ,˨˩˦,falling-rising,n,i,ɛ,
nie4,niɛ,˥˩,falling,n,i,ɛ,
nin0,nin,,neutral,n,,i,n
nin1,nin,˥,flat,n,,i,n
nin2,nin,˧˥,rising,n,,i,n
nin3,nin,˨˩˦,falling-rising,n,,i,n
nin4,nin,˥˩,falling,n,,i,n
ning0,niŋ,,neutral,n,,i,ŋ
ning1,niŋ,˥,flat,n,,i,ŋ
ning2,niŋ,˧˥,rising,n,,i,ŋ
ning3,niŋ,˨˩˦,falling-rising,n,,i,ŋ
ning4,niŋ,˥˩,falling,n,,i,ŋ
niu0,niəu,,neutral,n,i,ə,u
niu1,niəu,˥,flat,n,i,ə,u
niu2,niəu,˧˥,rising,n,i,ə,u
niu3,niəu,˨˩˦,falling-rising,n,i,ə,u
niu4,niəu,˥˩,falling,n,i,ə,u
nong0,nʊŋ,,neutral,n,,ʊ,ŋ
nong1,nʊŋ,˥,flat,n,,ʊ,ŋ
nong2,nʊŋ,˧˥,rising,n,,ʊ,ŋ
nong3,nʊŋ,˨˩˦,falling-rising,n,,ʊ,ŋ
nong4,nʊŋ,˥˩,falling,n,,ʊ,ŋ
nou0,nəu,,neutral,n,,ə,u
nou1,nəu,˥,flat,n,,ə,u
nou2,nəu,˧˥,rising,n,,ə,u
nou3,nəu,˨˩˦,falling-rising,n,,ə,u
nou4,nəu,˥˩,falling,n,,ə,u
nu0,nu,,neutral,n,,u,
nu1,nu,˥,flat,n,,u,
nu2,nu,˧˥,rising,n,,u,
nu3,nu,˨˩˦,falling-rising,n,,u,
nu4,nu,˥˩,falling,n,,u,
nuan0,nuan,,neutral,n,u,a,n
nuan1,nuan,˥,flat,n,u,a,n
nuan2,nuan,˧˥,rising,n,u,a,n
nuan3,nuan,˨˩˦,falling-rising,n,u,a,n
nuan4,nuan,˥˩,falling,n,u,a,n
nuo0,nuo,,neutral,n,u,o,
nuo1,nuo,˥,flat,n,u,o,
nuo2,nuo,˧˥,rising,n,u,o,
nuo3,nuo,˨˩˦,falling-rising,n,u,o,
nuo4,nuo,˥˩,falling,n,u,o,
nv0,ny,,neutral,n,,y,
nv1,ny,˥,flat,n,,y,
nv2,ny,˧˥,rising,n,,y,
nv3,ny,˨˩˦,falling-rising,n,,y,
nv4,ny,˥˩,falling,n,,y,
nve0,nyɛ,,neutral,n,y,ɛ,
nve1,nyɛ,˥,flat,n,y,ɛ,
nve2,nyɛ,˧˥,rising,n,y,ɛ,
nve3,nyɛ,˨˩˦,falling-rising,n,y,ɛ,
nve4,nyɛ,˥˩,falling,n,y,ɛ,
o0,o,,neutral,,,o,
o1,o,˥,flat,,,o,
o2,o,˧˥,rising,,,o,
o3,o,˨˩˦,falling-rising,,,o,
o4,o,˥˩,falling,,,o,
ou0,əu,,neutral,,,ə,u
ou1,əu,˥,flat,,,ə,u
ou2,əu,˧˥,rising,,,ə,u
ou3,əu,˨˩˦,falling-rising,,,ə,u
ou4,əu,˥˩,falling,,,ə,u
pa0,pʰa,,neutral,pʰ,,a,
pa1,pʰa,˥,flat,pʰ,,a,
pa2,pʰa,˧˥,rising,pʰ,,a,
pa3,pʰa,˨˩˦,falling-rising,pʰ,,a,
pa4,pʰa,˥˩,falling,pʰ,,a,
pai0,pʰai,,neutral,pʰ,,a,i
pai1,pʰai,˥,flat,pʰ,,a,i
pai2,pʰai,˧˥,rising,pʰ,,a,i
pai3,pʰai,˨˩˦,falling-rising,pʰ,,a,i
pai4,pʰai,˥˩,falling,pʰ,,a,i
pan0,pʰan,,neutral,pʰ,,a,n
pan1,pʰan,˥,flat,pʰ,,a,n
pan2,pʰan,˧˥,rising,pʰ,,a,n
pan3,pʰan,˨˩˦,falling-rising,pʰ,,a,n
pan4,pʰan,˥˩,falling,pʰ,,a,n
pang0,pʰɑŋ,,neutral,pʰ,,ɑ,ŋ
pang1,pʰɑŋ,˥,flat,pʰ,,ɑ,ŋ
pang2,pʰɑŋ,˧˥,rising,pʰ,,ɑ,ŋ
pang3,pʰɑŋ,˨˩˦,falling-rising,pʰ,,ɑ,ŋ
pang4,pʰɑŋ,˥˩,falling,pʰ,,ɑ,ŋ
pao0,pʰɑu,,neutral,pʰ,,ɑ,u
pao1,pʰɑu,˥,flat,pʰ,,ɑ,u
pao2,pʰɑu,˧˥,rising,pʰ,,ɑ,u
pao3,pʰɑu,˨˩˦,falling-rising,pʰ,,ɑ,u
pao4,pʰɑu,˥˩,falling,pʰ,,ɑ,u
pei0,pʰei,,neutral,pʰ,,e,i
pei1,pʰei,˥,flat,pʰ,,e,i
pei2,pʰei,˧˥,rising,pʰ,,e,i
pei3,pʰei,˨˩˦,falling-rising,pʰ,,e,i
pei4,pʰei,˥˩,falling,pʰ,,e,i
pen0,pʰən,,neutral,pʰ,,ə,n
pen1,pʰən,˥,flat,pʰ,,ə,n
pen2,pʰən,˧˥,rising,pʰ,,ə,n
pen3,pʰən,˨˩˦,falling-rising,pʰ,,ə,n
pen4,pʰən,˥˩,falling,pʰ,,ə,n
peng0,pʰəŋ,,neutral,pʰ,,ə,ŋ
peng1,pʰəŋ,˥,flat,pʰ,,ə,ŋ
peng2,pʰəŋ,˧˥,rising,pʰ,,ə,ŋ
peng3,pʰəŋ,˨˩˦,falling-rising,pʰ,,ə,ŋ
peng4,pʰəŋ,˥˩,falling,pʰ,,ə,ŋ
pi0,pʰi,,neutral,pʰ,,i,
pi1,pʰi,˥,flat,pʰ,,i,
pi2,pʰi,˧˥,rising,pʰ,,i,
pi3,pʰi,˨˩˦,falling-rising,pʰ,,i,
pi4,pʰi,˥˩,falling,pʰ,,i,
pian0,pʰian,,neutral,pʰ,i,a,n
pian1,pʰian,˥,flat,pʰ,i,a,n
pian2,pʰian,˧˥,rising,pʰ,i,a,n
pian3,pʰian,˨˩˦,falling-rising,pʰ,i,a,n
pian4,pʰian,˥˩,falling,pʰ,i,a,n
piao0,pʰiɑu,,neutral,pʰ,i,ɑ,u
piao1,pʰiɑu,˥,flat,pʰ,i,ɑ,u
piao2,pʰiɑu,˧˥,rising,pʰ,i,ɑ,u
piao3,pʰiɑu,˨˩˦,falling-rising,pʰ,i,ɑ,u
piao4,pʰiɑu,˥˩,falling,pʰ,i,ɑ,u
pie0,pʰiɛ,,neutral,pʰ,i,ɛ,
pie1,pʰiɛ,˥,flat,pʰ,i,ɛ,
pie2,pʰiɛ,˧˥,rising,pʰ,i,ɛ,
pie3,pʰiɛ,˨˩˦,falling-rising,pʰ,i,ɛ,
pie4,pʰiɛ,˥˩,falling,pʰ,i,ɛ,
pin0,pʰin,,neutral,pʰ,,i,n
pin1,pʰin,˥,flat,pʰ,,i,n
pin2,pʰin,˧˥,rising,pʰ,,i,n
pin3,pʰin,˨˩˦,falling-rising,pʰ,,i,n
pin4,pʰin,˥˩,falling,pʰ,,i,n
ping0,pʰiŋ,,neutral,pʰ,,i,ŋ
ping1,pʰiŋ,˥,flat,pʰ,,i,ŋ
ping2,pʰiŋ,˧˥,rising,pʰ,,i,ŋ
ping3,pʰiŋ,˨˩˦,falling-rising,pʰ,,i,ŋ
ping4,pʰiŋ,˥˩,falling,pʰ,,i,ŋ
po0,pʰo,,neutral,pʰ,,o,
po1,pʰo,˥,flat,pʰ,,o,
po2,pʰo,˧˥,rising,pʰ,,o,
po3,pʰo,˨˩˦,falling-rising,pʰ,,o,
po4,pʰo,˥˩,falling,pʰ,,o,
pou0,pʰəu,,neutral,pʰ,,ə,u
pou1,pʰəu,˥,flat,pʰ,,ə,u
pou2,pʰəu,˧˥,rising,pʰ,,ə,u
pou3,pʰəu,˨˩˦,falling-rising,pʰ,,ə,u
pou4,pʰəu,˥˩,falling,pʰ,,ə,u
pu0,pʰu,,neutral,pʰ,,u,
pu1,pʰu,˥,flat,pʰ,,u,
pu2,pʰu,˧˥,rising,pʰ,,u,
pu3,pʰu,˨˩˦,falling-rising,pʰ,,u,
pu4,pʰu,˥˩,falling,pʰ,,u,
qi0,tɕʰi,,neutral,tɕʰ,,i,
qi1,tɕʰi,˥,flat,tɕʰ,,i,
qi2,tɕʰi,˧˥,rising,tɕʰ,,i,
qi3,tɕʰi,˨˩˦,falling-rising,tɕʰ,,i,
qi4,tɕʰi,˥˩,falling,tɕʰ,,i,
qia0,tɕʰia,,neutral,tɕʰ,i,a,
qia1,tɕʰia,˥,flat,tɕʰ,i,a,
qia2,tɕʰia,˧˥,rising,tɕʰ,i,a,
qia3,tɕʰia,˨˩˦,falling-rising,tɕʰ,i,a,
qia4,tɕʰia,˥˩,falling,tɕʰ,i,a,
qian0,tɕʰian,,neutral,tɕʰ,i,a,n
qian1,tɕʰian,˥,flat,tɕʰ,i,a,n
qian2,tɕʰian,˧˥,rising,tɕʰ,i,a,n
qian3,tɕʰian,˨˩˦,falling-rising,tɕʰ,i,a,n
qian4,tɕʰian,˥˩,falling,tɕʰ,i,a,n
qiang0,tɕʰiɑŋ,,neutral,tɕʰ,i,ɑ,ŋ
qiang1,tɕʰiɑŋ,˥,flat,tɕʰ,i,ɑ,ŋ
qiang2,tɕʰiɑŋ,˧˥,rising,tɕʰ,i,ɑ,ŋ
qiang3,tɕʰiɑŋ,˨˩˦,falling-rising,tɕʰ,i,ɑ,ŋ
qiang4,tɕʰiɑŋ,˥˩,falling,tɕʰ,i,ɑ,ŋ
qiao0,tɕʰiɑu,,neutral,tɕʰ,i,ɑ,u
qiao1,tɕʰiɑu,˥,flat,tɕʰ,i,ɑ,u
qiao2,tɕʰiɑu,˧˥,rising,tɕʰ,i,ɑ,u
qiao3,tɕʰiɑu,˨˩˦,falling-rising,tɕʰ,i,ɑ,u
qiao4,tɕʰiɑu,˥˩,falling,tɕʰ,i,ɑ,u
qie0,tɕʰiɛ,,neutral,tɕʰ,i,ɛ,
qie1,tɕʰiɛ,˥,flat,tɕʰ,i,ɛ,
qie2,tɕʰiɛ,˧˥,rising,tɕʰ,i,ɛ,
qie3,tɕʰiɛ,˨˩˦,falling-rising,tɕʰ,i,ɛ,
qie4,tɕʰiɛ,˥˩,falling,tɕʰ,i,ɛ,
qin0,tɕʰin,,neutral,tɕʰ,,i,n
qin1,tɕʰin,˥,flat,tɕʰ,,i,n
qin2,tɕʰin,˧˥,rising,tɕʰ,,i,n
qin3,tɕʰin,˨˩˦,falling-rising,tɕʰ,,i,n
qin4,tɕʰin,˥˩,falling,tɕʰ,,i,n
qing0,tɕʰiŋ,,neutral,tɕʰ,,i,ŋ
qing1,tɕʰiŋ,˥,flat,tɕʰ,,i,ŋ
qing2,tɕʰiŋ,˧˥,rising,tɕʰ,,i,ŋ
qing3,tɕʰiŋ,˨˩˦,falling-rising,tɕʰ,,i,ŋ
qing4,tɕʰiŋ,˥˩,falling,tɕʰ,,i,ŋ
qiong0,tɕʰiʊŋ,,neutral,tɕʰ,i,ʊ,ŋ
qiong1,tɕʰiʊŋ,˥,flat,tɕʰ,i,ʊ,ŋ
qiong2,tɕʰiʊŋ,˧˥,rising,tɕʰ,i,ʊ,ŋ
qiong3,tɕʰiʊŋ,˨˩˦,falling-rising,tɕʰ,i,ʊ,ŋ
qiong4,tɕʰiʊŋ,˥˩,falling,tɕʰ,i,ʊ,ŋ
qiu0,tɕʰiəu,,neutral,tɕʰ,i,ə,u
qiu1,tɕʰiəu,˥,flat,tɕʰ,i,ə,u
qiu2,tɕʰiəu,˧˥,rising,tɕʰ,i,ə,u
qiu3,tɕʰiəu,˨˩˦,falling-rising,tɕʰ,i,ə,u
qiu4,tɕʰiəu,˥˩,falling,tɕʰ,i,ə,u
qu0,tɕʰy,,neutral,tɕʰ,,y,
qu1,tɕʰy,˥,flat,tɕʰ,,y,
qu2,tɕʰy,˧˥,rising,tɕʰ,,y,
qu3,tɕʰy,˨˩˦,falling-rising,tɕʰ,,y,
qu4,tɕʰy,˥˩,falling,tɕʰ,,y,
quan0,tɕʰyan,,neutral,tɕʰ,y,a,n
quan1,tɕʰyan,˥,flat,tɕʰ,y,a,n
quan2,tɕʰyan,˧˥,rising,tɕʰ,y,a,n
quan3,tɕʰyan,˨˩˦,falling-rising,tɕʰ,y,a,n
quan4,tɕʰyan,˥˩,falling,tɕʰ,y,a,n
que0,tɕʰyɛ,,neutral,tɕʰ,y,ɛ,
que1,tɕʰyɛ,˥,flat,tɕʰ,y,ɛ,
que2,tɕʰyɛ,˧˥,rising,tɕʰ,y,ɛ,
que3,tɕʰyɛ,˨˩˦,falling-rising,tɕʰ,y,ɛ,
que4,tɕʰyɛ,˥˩,falling,tɕʰ,y,ɛ,
qun0,tɕʰyn,,neutral,tɕʰ,,y,n
qun1,tɕʰyn,˥,flat,tɕʰ,,y,n
qun2,tɕʰyn,˧˥,rising,tɕʰ,,y,n
qun3,tɕʰyn,˨˩˦,falling-rising,tɕʰ,,y,n
qun4,tɕʰyn,˥˩,falling,tɕʰ,,y,n
ran0,ʐan,,neutral,ʐ,,a,n
ran1,ʐan,˥,flat,ʐ,,a,n
ran2,ʐan,˧˥,rising,ʐ,,a,n
ran3,ʐan,˨˩˦,falling-rising,ʐ,,a,n
ran4,ʐan,˥˩,falling,ʐ,,a,n
rang0,ʐɑŋ,,neutral,ʐ,,ɑ,ŋ
rang1,ʐɑŋ,˥,flat,ʐ,,ɑ,ŋ
rang2,ʐɑŋ,˧˥,rising,ʐ,,ɑ,ŋ
rang3,ʐɑŋ,˨˩˦,falling-rising,ʐ,,ɑ,ŋ
rang4,ʐɑŋ,˥˩,falling,ʐ,,ɑ,ŋ
rao0,ʐɑu,,neutral,ʐ,,ɑ,u
rao1,ʐɑu,˥,flat,ʐ,,ɑ,u
rao2,ʐɑu,˧˥,rising,ʐ,,ɑ,u
rao3,ʐɑu,˨˩˦,falling-rising,ʐ,,ɑ,u
rao4,ʐɑu,˥˩,falling,ʐ,,ɑ,u
re0,ʐɤ,,neutral,ʐ,,ɤ,
re1,ʐɤ,˥,flat,ʐ,,ɤ,
re2,ʐɤ,˧˥,rising,ʐ,,ɤ,
re3,ʐɤ,˨˩˦,falling-rising,ʐ,,ɤ,
re4,ʐɤ,˥˩,falling,ʐ,,ɤ,
ren0,ʐən,,neutral,ʐ,,ə,n
ren1,ʐən,˥,flat,ʐ,,ə,n
ren2,ʐən,˧˥,rising,ʐ,,ə,n
ren3,ʐən,˨˩˦,falling-rising,ʐ,,ə,n
ren4,ʐən,˥˩,falling,ʐ,,ə,n
reng0,ʐəŋ,,neutral,ʐ,,ə,ŋ
reng1,ʐəŋ,˥,flat,ʐ,,ə,ŋ
reng2,ʐəŋ,˧˥,rising,ʐ,,ə,ŋ
reng3,ʐəŋ,˨˩˦,falling-rising,ʐ,,ə,ŋ
reng4,ʐəŋ,˥˩,falling,ʐ,,ə,ŋ
ri0,ʐɨ,,neutral,ʐ,,ɨ,
ri1,ʐɨ,˥,flat,ʐ,,ɨ,
ri2,ʐɨ,˧˥,rising,ʐ,,ɨ,
ri3,ʐɨ,˨˩˦,falling-rising,ʐ,,ɨ,
ri4,ʐɨ,˥˩,falling,ʐ,,ɨ,
rong0,ʐʊŋ,,neutral,ʐ,,ʊ,ŋ
rong1,ʐʊŋ,˥,flat,ʐ,,ʊ,ŋ
rong2,ʐʊŋ,˧˥,rising,ʐ,,ʊ,ŋ
rong3,ʐʊŋ,˨˩˦,falling-rising,ʐ,,ʊ,ŋ
rong4,ʐʊŋ,˥˩,falling,ʐ,,ʊ,ŋ
rou0,ʐəu,,neutral,ʐ,,ə,u
rou1,ʐəu,˥,flat,ʐ,,ə,u
rou2,ʐəu,˧˥,rising,ʐ,,ə,u
rou3,ʐəu,˨˩˦,falling-rising,ʐ,,ə,u
rou4,ʐəu,˥˩,falling,ʐ,,ə,u
ru0,ʐu,,neutral,ʐ,,u,
ru1,ʐu,˥,flat,ʐ,,u,
ru2,ʐu,˧˥,rising,ʐ,,u,
ru3,ʐu,˨˩˦,falling-rising,ʐ,,u,
ru4,ʐu,˥˩,falling,ʐ,,u,
ruan0,ʐuan,,neutral,ʐ,u,a,n
ruan1,ʐuan,˥,flat,ʐ,u,a,n
ruan2,ʐuan,˧˥,rising,ʐ,u,a,n
ruan3,ʐuan,˨˩˦,falling-rising,ʐ,u,a,n
ruan4,ʐuan,˥˩,falling,ʐ,u,a,n
rui0,ʐuei,,neutral,ʐ,u,e,i
rui1,ʐuei,˥,flat,ʐ,u,e,i
rui2,ʐuei,˧˥,rising,ʐ,u,e,i
rui3,ʐuei,˨˩˦,falling-rising,ʐ,u,e,i
rui4,ʐuei,˥˩,falling,ʐ,u,e,i
run0,ʐuən,,neutral,ʐ,u,ə,n
run1,ʐuən,˥,flat,ʐ,u,ə,n
run2,ʐuən,˧˥,rising,ʐ,u,ə,n
run3,ʐuən,˨˩˦,falling-rising,ʐ,u,ə,n
run4,ʐuən,˥˩,falling,ʐ,u,ə,n
ruo0,ʐuo,,neutral,ʐ,u,o,
ruo1,ʐuo,˥,flat,ʐ,u,o,
ruo2,ʐuo,˧˥,rising,ʐ,u,o,
ruo3,ʐuo,˨˩˦,falling-rising,ʐ,u,o,
ruo4,ʐuo,˥˩,falling,ʐ,u,o,
sa0,sa,,neutral,s,,a,
sa1,sa,˥,flat,s,,a,
sa2,sa,˧˥,rising,s,,a,
sa3,sa,˨˩˦,falling-rising,s,,a,
sa4,sa,˥˩,falling,s,,a,
sai0,sai,,neutral,s,,a,i
sai1,sai,˥,flat,s,,a,i
sai2,sai,˧˥,rising,s,,a,i
sai3,sai,˨˩˦,falling-rising,s,,a,i
sai4,sai,˥˩,falling,s,,a,i
san0,san,,neutral,s,,a,n
san1,san,˥,flat,s,,a,n
san2,san,˧˥,rising,s,,a,n
san3,san,˨˩˦,falling-rising,s,,a,n
san4,san,˥˩,falling,s,,a,n
sang0,sɑŋ,,neutral,s,,ɑ,ŋ
sang1,sɑŋ,˥,flat,s,,ɑ,ŋ
sang2,sɑŋ,˧˥,rising,s,,ɑ,ŋ
sang3,sɑŋ,˨˩˦,falling-rising,s,,ɑ,ŋ
sang4,sɑŋ,˥˩,falling,s,,ɑ,ŋ
sao0,sɑu,,neutral,s,,ɑ,u
sao1,sɑu,˥,flat,s,,ɑ,u
sao2,sɑu,˧˥,rising,s,,ɑ,u
sao3,sɑu,˨˩˦,falling-rising,s,,ɑ,u
sao4,sɑu,˥˩,falling,s,,ɑ,u
se0,sɤ,,neutral,s,,ɤ,
se1,sɤ,˥,flat,s,,ɤ,
se2,sɤ,˧˥,rising,s,,ɤ,
se3,sɤ,˨˩˦,falling-rising,s,,ɤ,
se4,sɤ,˥˩,falling,s,,ɤ,
sen0,sən,,neutral,s,,ə,n
sen1,sən,˥,flat,s,,ə,n
sen2,sən,˧˥,rising,s,,ə,n
sen3,sən,˨˩˦,falling-rising,s,,ə,n
sen4,sən,˥˩,falling,s,,ə,n
seng0,səŋ,,neutral,s,,ə,ŋ
seng1,səŋ,˥,flat,s,,ə,ŋ
seng2,səŋ,˧˥,rising,s,,ə,ŋ
seng3,səŋ,˨˩˦,falling-rising,s,,ə,ŋ
seng4,səŋ,˥˩,falling,s,,ə,ŋ
sha0,ʂa,,neutral,ʂ,,a,
sha1,ʂa,˥,flat,ʂ,,a,
sha2,ʂa,˧˥,rising,ʂ,,a,
sha3,ʂa,˨˩˦,falling-rising,ʂ,,a,
sha4,ʂa,˥˩,falling,ʂ,,a,
shai0,ʂai,,neutral,ʂ,,a,i
shai1,ʂai,˥,flat,ʂ,,a,i
shai2,ʂai,˧˥,rising,ʂ,,a,i
shai3,ʂai,˨˩˦,falling-rising,ʂ,,a,i
shai4,ʂai,˥˩,falling,ʂ,,a,i
shan0,ʂan,,neutral,ʂ,,a,n
shan1,ʂan,˥,flat,ʂ,,a,n
shan2,ʂan,˧˥,rising,ʂ,,a,n
shan3,ʂan,˨˩˦,falling-rising,ʂ,,a,n
shan4,ʂan,˥˩,falling,ʂ,,a,n
shang0,ʂɑŋ,,neutral,ʂ,,ɑ,ŋ
shang1,ʂɑŋ,˥,flat,ʂ,,ɑ,ŋ
shang2,ʂɑŋ,˧˥,rising,ʂ,,ɑ,ŋ
shang3,ʂɑŋ,˨˩˦,falling-rising,ʂ,,ɑ,ŋ
shang4,ʂɑŋ,˥˩,falling,ʂ,,ɑ,ŋ
shao0,ʂɑu,,neutral,ʂ,,ɑ,u
shao1,ʂɑu,˥,flat,ʂ,,ɑ,u
shao2,ʂɑu,˧˥,rising,ʂ,,ɑ,u
shao3,ʂɑu,˨˩˦,falling-rising,ʂ,,ɑ,u
shao4,ʂɑu,˥˩,falling,ʂ,,ɑ,u
she0,ʂɤ,,neutral,ʂ,,ɤ,
she1,ʂɤ,˥,flat,ʂ,,ɤ,
she2,ʂɤ,˧˥,rising,ʂ,,ɤ,
she3,ʂɤ,˨˩˦,falling-rising,ʂ,,ɤ,
she4,ʂɤ,˥˩,falling,ʂ,,ɤ,
shen0,ʂən,,neutral,ʂ,,ə,n
shen1,ʂən,˥,flat,ʂ,,ə,n
shen2,ʂən,˧˥,rising,ʂ,,ə,n
shen3,ʂən,˨˩˦,falling-rising,ʂ,,ə,n
shen4,ʂən,˥˩,falling,ʂ,,ə,n
sheng0,ʂəŋ,,neutral,ʂ,,ə,ŋ
sheng1,ʂəŋ,˥,flat,ʂ,,ə,ŋ
sheng2,ʂəŋ,˧˥,rising,ʂ,,ə,ŋ
sheng3,ʂəŋ,˨˩˦,falling-rising,ʂ,,ə,ŋ
sheng4,ʂəŋ,˥˩,falling,ʂ,,ə,ŋ
shi0,ʂɨ,,neutral,ʂ,,ɨ,
shi1,ʂɨ,˥,flat,ʂ,,ɨ,
shi2,ʂɨ,˧˥,rising,ʂ,,ɨ,
shi3,ʂɨ,˨˩˦,falling-rising,ʂ,,ɨ,
shi4,ʂɨ,˥˩,falling,ʂ,,ɨ,
shou0,ʂəu,,neutral,ʂ,,ə,u
shou1,ʂəu,˥,flat,ʂ,,ə,u
shou2,ʂəu,˧˥,rising,ʂ,,ə,u
shou3,ʂəu,˨˩˦,falling-rising,ʂ,,ə,u
shou4,ʂəu,˥˩,falling,ʂ,,ə,u
shu0,ʂu,,neutral,ʂ,,u,
shu1,ʂu,˥,flat,ʂ,,u,
shu2,ʂu,˧˥,rising,ʂ,,u,
shu3,ʂu,˨˩˦,falling-rising,ʂ,,u,
shu4,ʂu,˥˩,falling,ʂ,,u,
shua0,ʂua,,neutral,ʂ,u,a,
shua1,ʂua,˥,flat,ʂ,u,a,
shua2,ʂua,˧˥,rising,ʂ,u,a,
shua3,ʂua,˨˩˦,falling-rising,ʂ,u,a,
shua4,ʂua,˥˩,falling,ʂ,u,a,
shuai0,ʂuai,,neutral,ʂ,u,a,i
shuai1,ʂuai,˥,flat,ʂ,u,a,i
shuai2,ʂuai,˧˥,rising,ʂ,u,a,i
shuai3,ʂuai,˨˩˦,falling-rising,ʂ,u,a,i
shuai4,ʂuai,˥˩,falling,ʂ,u,a,i
shuan0,ʂuan,,neutral,ʂ,u,a,n
shuan1,ʂuan,˥,flat,ʂ,u,a,n
shuan2,ʂuan,˧˥,rising,ʂ,u,a,n
shuan3,ʂuan,˨˩˦,falling-rising,ʂ,u,a,n
shuan4,ʂuan,˥˩,falling,ʂ,u,a,n
shuang0,ʂuɑŋ,,neutral,ʂ,u,ɑ,ŋ
shuang1,ʂuɑŋ,˥,flat,ʂ,u,ɑ,ŋ
shuang2,ʂuɑŋ,˧˥,rising,ʂ,u,ɑ,ŋ
shuang3,ʂuɑŋ,˨˩˦,falling-rising,ʂ,u,ɑ,ŋ
shuang4,ʂuɑŋ,˥˩,falling,ʂ,u,ɑ,ŋ
shui0,ʂuei,,neutral,ʂ,u,e,i
shui1,ʂuei,˥,flat,ʂ,u,e,i
shui2,ʂuei,˧˥,rising,ʂ,u,e,i
shui3,ʂuei,˨˩˦,falling-rising,ʂ,u,e,i
shui4,ʂuei,˥˩,falling,ʂ,u,e,i
shun0,ʂuən,,neutral,ʂ,u,ə,n
shun1,ʂuən,˥,flat,ʂ,u,ə,n
shun2,ʂuən,˧˥,rising,ʂ,u,ə,n
shun3,ʂuən,˨˩˦,falling-rising,ʂ,u,ə,n
shun4,ʂuən,˥˩,falling,ʂ,u,ə,n
shuo0,ʂuo,,neutral,ʂ,u,o,
shuo1,ʂuo,˥,flat,ʂ,u,o,
shuo2,ʂuo,˧˥,rising,ʂ,u,o,
shuo3,ʂuo,˨˩˦,falling-rising,ʂ,u,o,
shuo4,ʂuo,˥˩,falling,ʂ,u,o,
si0,sɯ,,neutral,s,,ɯ,
si1,sɯ,˥,flat,s,,ɯ,
si2,sɯ,˧˥,rising,s,,ɯ,
si3,sɯ,˨˩˦,falling-rising,s,,ɯ,
si4,sɯ,˥˩,falling,s,,ɯ,
song0,sʊŋ,,neutral,s,,ʊ,ŋ
song1,sʊŋ,˥,flat,s,,ʊ,ŋ
song2,sʊŋ,˧˥,rising,s,,ʊ,ŋ
song3,sʊŋ,˨˩˦,falling-rising,s,,ʊ,ŋ
song4,sʊŋ,˥˩,falling,s,,ʊ,ŋ
sou0,səu,,neutral,s,,ə,u
sou1,səu,˥,flat,s,,ə,u
sou2,səu,˧˥,rising,s,,ə,u
sou3,səu,˨˩˦,falling-rising,s,,ə,u
sou4,səu,˥˩,falling,s,,ə,u
su0,su,,neutral,s,,u,
su1,su,˥,flat,s,,u,
su2,su,˧˥,rising,s,,u,
su3,su,˨˩˦,falling-rising,s,,u,
su4,su,˥˩,falling,s,,u,
suan0,suan,,neutral,s,u,a,n
suan1,suan,˥,flat,s,u,a,n
suan2,suan,˧˥,rising,s,u,a,n
suan3,suan,˨˩˦,falling-rising,s,u,a,n
suan4,suan,˥˩,falling,s,u,a,n
sui0,suei,,neutral,s,u,e,i
sui1,suei,˥,flat,s,u,e,i
sui2,suei,˧˥,rising,s,u,e,i
sui3,suei,˨˩˦,falling-rising,s,u,e,i
sui4,suei,˥˩,falling,s,u,e,i
sun0,suən,,neutral,s,u,ə,n
sun1,suən,˥,flat,s,u,ə,n
sun2,suən,˧˥,rising,s,u,ə,n
sun3,suən,˨˩˦,falling-rising,s,u,ə,n
sun4,suən,˥˩,falling,s,u,ə,n
suo0,suo,,neutral,s,u,o,
suo1,suo,˥,flat,s,u,o,
suo2,suo,˧˥,rising,s,u,o,
suo3,suo,˨˩˦,falling-rising,s,u,o,
suo4,suo,˥˩,falling,s,u,o,
ta0,tʰa,,neutral,tʰ,,a,
ta1,tʰa,˥,flat,tʰ,,a,
ta2,tʰa,˧˥,rising,tʰ,,a,
ta3,tʰa,˨˩˦,falling-rising,tʰ,,a,
ta4,tʰa,˥˩,falling,tʰ,,a,
tai0,tʰai,,neutral,tʰ,,a,i
tai1,tʰai,˥,flat,tʰ,,a,i
tai2,tʰai,˧˥,rising,tʰ,,a,i
tai3,tʰai,˨˩˦,falling-rising,tʰ,,a,i
tai4,tʰai,˥˩,falling,tʰ,,a,i
tan0,tʰan,,neutral,tʰ,,a,n
tan1,tʰan,˥,flat,tʰ,,a,n
tan2,tʰan,˧˥,rising,tʰ,,a,n
tan3,tʰan,˨˩˦,falling-rising,tʰ,,a,n
tan4,tʰan,˥˩,falling,tʰ,,a,n
tang0,tʰɑŋ,,neutral,tʰ,,ɑ,ŋ
tang1,tʰɑŋ,˥,flat,tʰ,,ɑ,ŋ
tang2,tʰɑŋ,˧˥,rising,tʰ,,ɑ,ŋ
tang3,tʰɑŋ,˨˩˦,falling-rising,tʰ,,ɑ,ŋ
tang4,tʰɑŋ,˥˩,falling,tʰ,,ɑ,ŋ
tao0,tʰɑu,,neutral,tʰ,,ɑ,u
tao1,tʰɑu,˥,flat,tʰ,,ɑ,u
tao2,tʰɑu,˧˥,rising,tʰ,,ɑ,u
tao3,tʰɑu,˨˩˦,falling-rising,tʰ,,ɑ,u
tao4,tʰɑu,˥˩,falling,tʰ,,ɑ,u
te0,tʰɤ,,neutral,tʰ,,ɤ,
te1,tʰɤ,˥,flat,tʰ,,ɤ,
te2,tʰɤ,˧˥,rising,tʰ,,ɤ,
te3,tʰɤ,˨˩˦,falling-rising,tʰ,,ɤ,
te4,tʰɤ,˥˩,falling,tʰ,,ɤ,
teng0,tʰəŋ,,neutral,tʰ,,ə,ŋ
teng1,tʰəŋ,˥,flat,tʰ,,ə,ŋ
teng2,tʰəŋ,˧˥,rising,tʰ,,ə,ŋ
teng3,tʰəŋ,˨˩˦,falling-rising,tʰ,,ə,ŋ
teng4,tʰəŋ,˥˩,falling,tʰ,,ə,ŋ
ti0,tʰi,,neutral,tʰ,,i,
ti1,tʰi,˥,flat,tʰ,,i,
ti2,tʰi,˧˥,rising,tʰ,,i,
ti3,tʰi,˨˩˦,falling-rising,tʰ,,i,
ti4,tʰi,˥˩,falling,tʰ,,i,
tian0,tʰian,,neutral,tʰ,i,a,n
tian1,tʰian,˥,flat,tʰ,i,a,n
tian2,tʰian,˧˥,rising,tʰ,i,a,n
tian3,tʰian,˨˩˦,falling-rising,tʰ,i,a,n
tian4,tʰian,˥˩,falling,tʰ,i,a,n
tiao0,tʰiɑu,,neutral,tʰ,i,ɑ,u
tiao1,tʰiɑu,˥,flat,tʰ,i,ɑ,u
tiao2,tʰiɑu,˧˥,rising,tʰ,i,ɑ,u
tiao3,tʰiɑu,˨˩˦,falling-rising,tʰ,i,ɑ,u
tiao4,tʰiɑu,˥˩,falling,tʰ,i,ɑ,u
tie0,tʰiɛ,,neutral,tʰ,i,ɛ,
tie1,tʰiɛ,˥,flat,tʰ,i,ɛ,
tie2,tʰiɛ,˧˥,rising,tʰ,i,ɛ,
tie3,tʰiɛ,˨˩˦,falling-rising,tʰ,i,ɛ,
tie4,tʰiɛ,˥˩,falling,tʰ,i,ɛ,
ting0,tʰiŋ,,neutral,tʰ,,i,ŋ
ting1,tʰiŋ,˥,flat,tʰ,,i,ŋ
ting2,tʰiŋ,˧˥,rising,tʰ,,i,ŋ
ting3,tʰiŋ,˨˩˦,falling-rising,tʰ,,i,ŋ
ting4,tʰiŋ,˥˩,falling,tʰ,,i,ŋ
tong0,tʰʊŋ,,neutral,tʰ,,ʊ,ŋ
tong1,tʰʊŋ,˥,flat,tʰ,,ʊ,ŋ
tong2,tʰʊŋ,˧˥,rising,tʰ,,ʊ,ŋ
tong3,tʰʊŋ,˨˩˦,falling-rising,tʰ,,ʊ,ŋ
tong4,tʰʊŋ,˥˩,falling,tʰ,,ʊ,ŋ
tou0,tʰəu,,neutral,tʰ,,ə,u
tou1,tʰəu,˥,flat,tʰ,,ə,u
tou2,tʰəu,˧˥,rising,tʰ,,ə,u
tou3,tʰəu,˨˩˦,falling-rising,tʰ,,ə,u
tou4,tʰəu,˥˩,falling,tʰ,,ə,u
tu0,tʰu,,neutral,tʰ,,u,
tu1,tʰu,˥,flat,tʰ,,u,
tu2,tʰu,˧˥,rising,tʰ,,u,
tu3,tʰu,˨˩˦,falling-rising,tʰ,,u,
tu4,tʰu,˥˩,falling,tʰ,,u,
tuan0,tʰuan,,neutral,tʰ,u,a,n
tuan1,tʰuan,˥,flat,tʰ,u,a,n
tuan2,tʰuan,˧˥,rising,tʰ,u,a,n
tuan3,tʰuan,˨˩˦,falling-rising,tʰ,u,a,n
tuan4,tʰuan,˥˩,falling,tʰ,u,a,n
tui0,tʰuei,,neutral,tʰ,u,e,i
tui1,tʰuei,˥,flat,tʰ,u,e,i
tui2,tʰuei,˧˥,rising,tʰ,u,e,i
tui3,tʰuei,˨˩˦,falling-rising,tʰ,u,e,i
tui4,tʰuei,˥˩,falling,tʰ,u,e,i
tun0,tʰuən,,neutral,tʰ,u,ə,n
tun1,tʰuən,˥,flat,tʰ,u,ə,n
tun2,tʰuən,˧˥,rising,tʰ,u,ə,n
tun3,tʰuən,˨˩˦,falling-rising,tʰ,u,ə,n
tun4,tʰuən,˥˩,falling,tʰ,u,ə,n
tuo0,tʰuo,,neutral,tʰ,u,o,
tuo1,tʰuo,˥,flat,tʰ,u,o,
tuo2,tʰuo,˧˥,rising,tʰ,u,o,
tuo3,tʰuo,˨˩˦,falling-rising,tʰ,u,o,
tuo4,tʰuo,˥˩,falling,tʰ,u,o,
wa0,ua,,neutral,,u,a,
wa1,ua,˥,flat,,u,a,
wa2,ua,˧˥,rising,,u,a,
wa3,ua,˨˩˦,falling-rising,,u,a,
wa4,ua,˥˩,falling,,u,a,
wai0,uai,,neutral,,u,a,i
wai1,uai,˥,flat,,u,a,i
wai2,uai,˧˥,rising,,u,a,i
wai3,uai,˨˩˦,falling-rising,,u,a,i
wai4,uai,˥˩,falling,,u,a,i
wan0,uan,,neutral,,u,a,n
wan1,uan,˥,flat,,u,a,n
wan2,uan,˧˥,rising,,u,a,n
wan3,uan,˨˩˦,falling-rising,,u,a,n
wan4,uan,˥˩,falling,,u,a,n
wang0,uɑŋ,,neutral,,u,ɑ,ŋ
wang1,uɑŋ,˥,flat,,u,ɑ,ŋ
wang2,uɑŋ,˧˥,rising,,u,ɑ,ŋ
wang3,uɑŋ,˨˩˦,falling-rising,,u,ɑ,ŋ
wang4,uɑŋ,˥˩,falling,,u,ɑ,ŋ
wei0,uei,,neutral,,u,e,i
wei1,uei,˥,flat,,u,e,i
wei2,uei,˧˥,rising,,u,e,i
wei3,uei,˨˩˦,falling-rising,,u,e,i
wei4,uei,˥˩,falling,,u,e,i
wen0,uən,,neutral,,u,ə,n
wen1,uən,˥,flat,,u,ə,n
wen2,uən,˧˥,rising,,u,ə,n
wen3,uən,˨˩˦,falling-rising,,u,ə,n
wen4,uən,˥˩,falling,,u,ə,n
weng0,uəŋ,,neutral,,u,ə,ŋ
weng1,uəŋ,˥,flat,,u,ə,ŋ
weng2,uəŋ,˧˥,rising,,u,ə,ŋ
weng3,uəŋ,˨˩˦,falling-rising,,u,ə,ŋ
weng4,uəŋ,˥˩,falling,,u,ə,ŋ
wo0,uo,,neutral,,u,o,
wo1,uo,˥,flat,,u,o,
wo2,uo,˧˥,rising,,u,o,
wo3,uo,˨˩˦,falling-rising,,u,o,
wo4,uo,˥˩,falling,,u,o,
wu0,u,,neutral,,,u,
wu1,u,˥,flat,,,u,
wu2,u,˧˥,rising,,,u,
wu3,u,˨˩˦,falling-rising,,,u,
wu4,u,˥˩,falling,,,u,
xi0,ɕi,,neutral,ɕ,,i,
xi1,ɕi,˥,flat,ɕ,,i,
xi2,ɕi,˧˥,rising,ɕ,,i,
xi3,ɕi,˨˩˦,falling-rising,ɕ,,i,
xi4,ɕi,˥˩,falling,ɕ,,i,
xia0,ɕia,,neutral,ɕ,i,a,
xia1,ɕia,˥,flat,ɕ,i,a,
xia2,ɕia,˧˥,rising,ɕ,i,a,
xia3,ɕia,˨˩˦,falling-rising,ɕ,i,a,
xia4,ɕia,˥˩,falling,ɕ,i,a,
xian0,ɕian,,neutral,ɕ,i,a,n
xian1,ɕian,˥,flat,ɕ,i,a,n
xian2,ɕian,˧˥,rising,ɕ,i,a,n
xian3,ɕian,˨˩˦,falling-rising,ɕ,i,a,n
xian4,ɕian,˥˩,falling,ɕ,i,a,n
xiang0,ɕiɑŋ,,neutral,ɕ,i,ɑ,ŋ
xiang1,ɕiɑŋ,˥,flat,ɕ,i,ɑ,ŋ
xiang2,ɕiɑŋ,˧˥,rising,ɕ,i,ɑ,ŋ
xiang3,ɕiɑŋ,˨˩˦,falling-rising,ɕ,i,ɑ,ŋ
xiang4,ɕiɑŋ,˥˩,falling,ɕ,i,ɑ,ŋ
xiao0,ɕiɑu,,neutral,ɕ,i,ɑ,u
xiao1,ɕiɑu,˥,flat,ɕ,i,ɑ,u
xiao2,ɕiɑu,˧˥,rising,ɕ,i,ɑ,u
xiao3,ɕiɑu,˨˩˦,falling-rising,ɕ,i,ɑ,u
xiao4,ɕiɑu,˥˩,falling,ɕ,i,ɑ,u
xie0,ɕiɛ,,neutral,ɕ,i,ɛ,
xie1,ɕiɛ,˥,flat,ɕ,i,ɛ,
xie2,ɕiɛ,˧˥,rising,ɕ,i,ɛ,
xie3,ɕiɛ,˨˩˦,falling-rising,ɕ,i,ɛ,
xie4,ɕiɛ,˥˩,falling,ɕ,i,ɛ,
xin0,ɕin,,neutral,ɕ,,i,n
xin1,ɕin,˥,flat,ɕ,,i,n
xin2,ɕin,˧˥,rising,ɕ,,i,n
xin3,ɕin,˨˩˦,falling-rising,ɕ,,i,n
xin4,ɕin,˥˩,falling,ɕ,,i,n
xing0,ɕiŋ,,neutral,ɕ,,i,ŋ
xing1,ɕiŋ,˥,flat,ɕ,,i,ŋ
xing2,ɕiŋ,˧˥,rising,ɕ,,i,ŋ
xing3,ɕiŋ,˨˩˦,falling-rising,ɕ,,i,ŋ
xing4,ɕiŋ,˥˩,falling,ɕ,,i,ŋ
xiong0,ɕiʊŋ,,neutral,ɕ,i,ʊ,ŋ
xiong1,ɕiʊŋ,˥,flat,ɕ,i,ʊ,ŋ
xiong2,ɕiʊŋ,˧˥,rising,ɕ,i,ʊ,ŋ
xiong3,ɕiʊŋ,˨˩˦,falling-rising,ɕ,i,ʊ,ŋ
xiong4,ɕiʊŋ,˥˩,falling,ɕ,i,ʊ,ŋ
xiu0,ɕiəu,,neutral,ɕ,i,ə,u
xiu1,ɕiəu,˥,flat,ɕ,i,ə,u
xiu2,ɕiəu,˧˥,rising,ɕ,i,ə,u
xiu3,ɕiəu,˨˩˦,falling-rising,ɕ,i,ə,u
xiu4,ɕiəu,˥˩,falling,ɕ,i,ə,u
xu0,ɕy,,neutral,ɕ,,y,
xu1,ɕy,˥,flat,ɕ,,y,
xu2,ɕy,˧˥,rising,ɕ,,y,
xu3,ɕy,˨˩˦,falling-rising,ɕ,,y,
xu4,ɕy,˥˩,falling,ɕ,,y,
xuan0,ɕyan,,neutral,ɕ,y,a,n
xuan1,ɕyan,˥,flat,ɕ,y,a,n
xuan2,ɕyan,˧˥,rising,ɕ,y,a,n
xuan3,ɕyan,˨˩˦,falling-rising,ɕ,y,a,n
xuan4,ɕyan,˥˩,falling,ɕ,y,a,n
xue0,ɕyɛ,,neutral,ɕ,y,ɛ,
xue1,ɕyɛ,˥,flat,ɕ,y,ɛ,
xue2,ɕyɛ,˧˥,rising,ɕ,y,ɛ,
xue3,ɕyɛ,˨˩˦,falling-rising,ɕ,y,ɛ,
xue4,ɕyɛ,˥˩,falling,ɕ,y,ɛ,
xun0,ɕyn,,neutral,ɕ,,y,n
xun1,ɕyn,˥,flat,ɕ,,y,n
xun2,ɕyn,˧˥,rising,ɕ,,y,n
xun3,ɕyn,˨˩˦,falling-rising,ɕ,,y,n
xun4,ɕyn,˥˩,falling,ɕ,,y,n
ya0,ia,,neutral,,i,a,
ya1,ia,˥,flat,,i,a,
ya2,ia,˧˥,rising,,i,a,
ya3,ia,˨˩˦,falling-rising,,i,a,
ya4,ia,˥˩,falling,,i,a,
yan0,ian,,neutral,,i,a,n
yan1,ian,˥,flat,,i,a,n
yan2,ian,˧˥,rising,,i,a,n
yan3,ian,˨˩˦,falling-rising,,i,a,n
yan4,ian,˥˩,falling,,i,a,n
yang0,iɑŋ,,neutral,,i,ɑ,ŋ
yang1,iɑŋ,˥,flat,,i,ɑ,ŋ
yang2,iɑŋ,˧˥,rising,,i,ɑ,ŋ
yang3,iɑŋ,˨˩˦,falling-rising,,i,ɑ,ŋ
yang4,iɑŋ,˥˩,falling,,i,ɑ,ŋ
yao0,iɑu,,neutral,,i,ɑ,u
yao1,iɑu,˥,flat,,i,ɑ,u
yao2,iɑu,˧˥,rising,,i,ɑ,u
yao3,iɑu,˨˩˦,falling-rising,,i,ɑ,u
yao4,iɑu,˥˩,falling,,i,ɑ,u
ye0,iɛ,,neutral,,i,ɛ,
ye1,iɛ,˥,flat,,i,ɛ,
ye2,iɛ,˧˥,rising,,i,ɛ,
ye3,iɛ,˨˩˦,falling-rising,,i,ɛ,
ye4,iɛ,˥˩,falling,,i,ɛ,
yi0,i,,neutral,,,i,
yi1,i,˥,flat,,,i,
yi2,i,˧˥,rising,,,i,
yi3,i,˨˩˦,falling-rising,,,i,
yi4,i,˥˩,falling,,,i,
yin0,in,,neutral,,,i,n
yin1,in,˥,flat,,,i,n
yin2,in,˧˥,rising,,,i,n
yin3,in,˨˩˦,falling-rising,,,i,n
yin4,in,˥˩,falling,,,i,n
ying0,iŋ,,neutral,,,i,ŋ
ying1,iŋ,˥,flat,,,i,ŋ
ying2,iŋ,˧˥,rising,,,i,ŋ
ying3,iŋ,˨˩˦,falling-rising,,,i,ŋ
ying4,iŋ,˥˩,falling,,,i,ŋ
yo0,io,,neutral,,i,o,
yo1,io,˥,flat,,i,o,
yo2,io,˧˥,rising,,i,o,
yo3,io,˨˩˦,falling-rising,,i,o,
yo4,io,˥˩,falling,,i,o,
yong0,iʊŋ,,neutral,,i,ʊ,ŋ
yong1,iʊŋ,˥,flat,,i,ʊ,ŋ
yong2,iʊŋ,˧˥,rising,,i,ʊ,ŋ
yong3,iʊŋ,˨˩˦,falling-rising,,i,ʊ,ŋ
yong4,iʊŋ,˥˩,falling,,i,ʊ,ŋ
you0,iəu,,neutral,,i,ə,u
you1,iəu,˥,flat,,i,ə,u
you2,iəu,˧˥,rising,,i,ə,u
you3,iəu,˨˩˦,falling-rising,,i,ə,u
you4,iəu,˥˩,falling,,i,ə,u
yu0,y,,neutral,,,y,
yu1,y,˥,flat,,,y,
yu2,y,˧˥,rising,,,y,
yu3,y,˨˩˦,falling-rising,,,y,
yu4,y,˥˩,falling,,,y,
yuan0,yan,,neutral,,y,a,n
yuan1,yan,˥,flat,,y,a,n
yuan2,yan,˧˥,rising,,y,a,n
yuan3,yan,˨˩˦,falling-rising,,y,a,n
yuan4,yan,˥˩,falling,,y,a,n
yue0,yɛ,,neutral,,y,ɛ,
yue1,yɛ,˥,flat,,y,ɛ,
yue2,yɛ,˧˥,rising,,y,ɛ,
yue3,yɛ,˨˩˦,falling-rising,,y,ɛ,
yue4,yɛ,˥˩,falling,,y,ɛ,
yun0,yn,,neutral,,,y,n
yun1,yn,˥,flat,,,y,n
yun2,yn,˧˥,rising,,,y,n
yun3,yn,˨˩˦,falling-rising,,,y,n
yun4,yn,˥˩,falling,,,y,n
za0,tsa,,neutral,ts,,a,
za1,tsa,˥,flat,ts,,a,
za2,tsa,˧˥,rising,ts,,a,
za3,tsa,˨˩˦,falling-rising,ts,,a,
za4,tsa,˥˩,falling,ts,,a,
zai0,tsai,,neutral,ts,,a,i
zai1,tsai,˥,flat,ts,,a,i
zai2,tsai,˧˥,rising,ts,,a,i
zai3,tsai,˨˩˦,falling-rising,ts,,a,i
zai4,tsai,˥˩,falling,ts,,a,i
zan0,tsan,,neutral,ts,,a,n
zan1,tsan,˥,flat,ts,,a,n
zan2,tsan,˧˥,rising,ts,,a,n
zan3,tsan,˨˩˦,falling-rising,ts,,a,n
zan4,tsan,˥˩,falling,ts,,a,n
zang0,tsɑŋ,,neutral,ts,,ɑ,ŋ
zang1,tsɑŋ,˥,flat,ts,,ɑ,ŋ
zang2,tsɑŋ,˧˥,rising,ts,,ɑ,ŋ
zang3,tsɑŋ,˨˩˦,falling-rising,ts,,ɑ,ŋ
zang4,tsɑŋ,˥˩,falling,ts,,ɑ,ŋ
zao0,tsɑu,,neutral,ts,,ɑ,u
zao1,tsɑu,˥,flat,ts,,ɑ,u
zao2,tsɑu,˧˥,rising,ts,,ɑ,u
zao3,tsɑu,˨˩˦,falling-rising,ts,,ɑ,u
zao4,tsɑu,˥˩,falling,ts,,ɑ,u
ze0,tsɤ,,neutral,ts,,ɤ,
ze1,tsɤ,˥,flat,ts,,ɤ,
ze2,tsɤ,˧˥,rising,ts,,ɤ,
ze3,tsɤ,˨˩˦,falling-rising,ts,,ɤ,
ze4,tsɤ,˥˩,falling,ts,,ɤ,
zei0,tsei,,neutral,ts,,e,i
zei1,tsei,˥,flat,ts,,e,i
zei2,tsei,˧˥,rising,ts,,e,i
zei3,tsei,˨˩˦,falling-rising,ts,,e,i
zei4,tsei,˥˩,falling,ts,,e,i
zen0,tsən,,neutral,ts,,ə,n
zen1,tsən,˥,flat,ts,,ə,n
zen2,tsən,˧˥,rising,ts,,ə,n
zen3,tsən,˨˩˦,falling-rising,ts,,ə,n
zen4,tsən,˥˩,falling,ts,,ə,n
zeng0,tsəŋ,,neutral,ts,,ə,ŋ
zeng1,tsəŋ,˥,flat,ts,,ə,ŋ
zeng2,tsəŋ,˧˥,rising,ts,,ə,ŋ
zeng3,tsəŋ,˨˩˦,falling-rising,ts,,ə,ŋ
zeng4,tsəŋ,˥˩,falling,ts,,ə,ŋ
zha0,ʈʂa,,neutral,ʈʂ,,a,
zha1,ʈʂa,˥,flat,ʈʂ,,a,
zha2,ʈʂa,˧˥,rising,ʈʂ,,a,
zha3,ʈʂa,˨˩˦,falling-rising,ʈʂ,,a,
zha4,ʈʂa,˥˩,falling,ʈʂ,,a,
zhai0,ʈʂai,,neutral,ʈʂ,,a,i
zhai1,ʈʂai,˥,flat,ʈʂ,,a,i
zhai2,ʈʂai,˧˥,rising,ʈʂ,,a,i
zhai3,ʈʂai,˨˩˦,falling-rising,ʈʂ,,a,i
zhai4,ʈʂai,˥˩,falling,ʈʂ,,a,i
zhan0,ʈʂan,,neutral,ʈʂ,,a,n
zhan1,ʈʂan,˥,flat,ʈʂ,,a,n
zhan2,ʈʂan,˧˥,rising,ʈʂ,,a,n
zhan3,ʈʂan,˨˩˦,falling-rising,ʈʂ,,a,n
zhan4,ʈʂan,˥˩,falling,ʈʂ,,a,n
zhang0,ʈʂɑŋ,,neutral,ʈʂ,,ɑ,ŋ
zhang1,ʈʂɑŋ,˥,flat,ʈʂ,,ɑ,ŋ
zhang2,ʈʂɑŋ,˧˥,rising,ʈʂ,,ɑ,ŋ
zhang3,ʈʂɑŋ,˨˩˦,falling-rising,ʈʂ,,ɑ,ŋ
zhang4,ʈʂɑŋ,˥˩,falling,ʈʂ,,ɑ,ŋ
zhao0,ʈʂɑu,,neutral,ʈʂ,,ɑ,u
zhao1,ʈʂɑu,˥,flat,ʈʂ,,ɑ,u
zhao2,ʈʂɑu,˧˥,rising,ʈʂ,,ɑ,u
zhao3,ʈʂɑu,˨˩˦,falling-rising,ʈʂ,,ɑ,u
zhao4,ʈʂɑu,˥˩,falling,ʈʂ,,ɑ,u
zhe0,ʈʂɤ,,neutral,ʈʂ,,ɤ,
zhe1,ʈʂɤ,˥,flat,ʈʂ,,ɤ,
zhe2,ʈʂɤ,˧˥,rising,ʈʂ,,ɤ,
zhe3,ʈʂɤ,˨˩˦,falling-rising,ʈʂ,,ɤ,
zhe4,ʈʂɤ,˥˩,falling,ʈʂ,,ɤ,
zhen0,ʈʂən,,neutral,ʈʂ,,ə,n
zhen1,ʈʂən,˥,flat,ʈʂ,,ə,n
zhen2,ʈʂən,˧˥,rising,ʈʂ,,ə,n
zhen3,ʈʂən,˨˩˦,falling-rising,ʈʂ,,ə,n
zhen4,ʈʂən,˥˩,falling,ʈʂ,,ə,n
zheng0,ʈʂəŋ,,neutral,ʈʂ,,ə,ŋ
zheng1,ʈʂəŋ,˥,flat,ʈʂ,,ə,ŋ
zheng2,ʈʂəŋ,˧˥,rising,ʈʂ,,ə,ŋ
zheng3,ʈʂəŋ,˨˩˦,falling-rising,ʈʂ,,ə,ŋ
zheng4,ʈʂəŋ,˥˩,falling,ʈʂ,,ə,ŋ
zhi0,ʈʂɨ,,neutral,ʈʂ,,ɨ,
zhi1,ʈʂɨ,˥,flat,ʈʂ,,ɨ,
zhi2,ʈʂɨ,˧˥,rising,ʈʂ,,ɨ,
zhi3,ʈʂɨ,˨˩˦,falling-rising,ʈʂ,,ɨ,
zhi4,ʈʂɨ,˥˩,falling,ʈʂ,,ɨ,
zhong0,ʈʂʊŋ,,neutral,ʈʂ,,ʊ,ŋ
zhong1,ʈʂʊŋ,˥,flat,ʈʂ,,ʊ,ŋ
zhong2,ʈʂʊŋ,˧˥,rising,ʈʂ,,ʊ,ŋ
zhong3,ʈʂʊŋ,˨˩˦,falling-rising,ʈʂ,,ʊ,ŋ
zhong4,ʈʂʊŋ,˥˩,falling,ʈʂ,,ʊ,ŋ
zhou0,ʈʂəu,,neutral,ʈʂ,,ə,u
zhou1,ʈʂəu,˥,flat,ʈʂ,,ə,u
zhou2,ʈʂəu,˧˥,rising,ʈʂ,,ə,u
zhou3,ʈʂəu,˨˩˦,falling-rising,ʈʂ,,ə,u
zhou4,ʈʂəu,˥˩,falling,ʈʂ,,ə,u
zhu0,ʈʂu,,neutral,ʈʂ,,u,
zhu1,ʈʂu,˥,flat,ʈʂ,,u,
zhu2,ʈʂu,˧˥,rising,ʈʂ,,u,
zhu3,ʈʂu,˨˩˦,falling-rising,ʈʂ,,u,
zhu4,ʈʂu,˥˩,falling,ʈʂ,,u,
zhua0,ʈʂua,,neutral,ʈʂ,u,a,
zhua1,ʈʂua,˥,flat,ʈʂ,u,a,
zhua2,ʈʂua,˧˥,rising,ʈʂ,u,a,
zhua3,ʈʂua,˨˩˦,falling-rising,ʈʂ,u,a,
zhua4,ʈʂua,˥˩,falling,ʈʂ,u,a,
zhuai0,ʈʂuai,,neutral,ʈʂ,u,a,i
zhuai1,ʈʂuai,˥,flat,ʈʂ,u,a,i
zhuai2,ʈʂuai,˧˥,rising,ʈʂ,u,a,i
zhuai3,ʈʂuai,˨˩˦,falling-rising,ʈʂ,u,a,i
zhuai4,ʈʂuai,˥˩,falling,ʈʂ,u,a,i
zhuan0,ʈʂuan,,neutral,ʈʂ,u,a,n
zhuan1,ʈʂuan,˥,flat,ʈʂ,u,a,n
zhuan2,ʈʂuan,˧˥,rising,ʈʂ,u,a,n
zhuan3,ʈʂuan,˨˩˦,falling-rising,ʈʂ,u,a,n
zhuan4,ʈʂuan,˥˩,falling,ʈʂ,u,a,n
zhuang0,ʈʂuɑŋ,,neutral,ʈʂ,u,ɑ,ŋ
zhuang1,ʈʂuɑŋ,˥,flat,ʈʂ,u,ɑ,ŋ
zhuang2,ʈʂuɑŋ,˧˥,rising,ʈʂ,u,ɑ,ŋ
zhuang3,ʈʂuɑŋ,˨˩˦,falling-rising,ʈʂ,u,ɑ,ŋ
zhuang4,ʈʂuɑŋ,˥˩,falling,ʈʂ,u,ɑ,ŋ
zhui0,ʈʂuei,,neutral,ʈʂ,u,e,i
zhui1,ʈʂuei,˥,flat,ʈʂ,u,e,i
zhui2,ʈʂuei,˧˥,rising,ʈʂ,u,e,i
zhui3,ʈʂuei,˨˩˦,falling-rising,ʈʂ,u,e,i
zhui4,ʈʂuei,˥˩,falling,ʈʂ,u,e,i
zhun0,ʈʂuən,,neutral,ʈʂ,u,ə,n
zhun1,ʈʂuən,˥,flat,ʈʂ,u,ə,n
zhun2,ʈʂuən,˧˥,rising,ʈʂ,u,ə,n
zhun3,ʈʂuən,˨˩˦,falling-rising,ʈʂ,u,ə,n
zhun4,ʈʂuən,˥˩,falling,ʈʂ,u,ə,n
zhuo0,ʈʂuo,,neutral,ʈʂ,u,o,
zhuo1,ʈʂuo,˥,flat,ʈʂ,u,o,
zhuo2,ʈʂuo,˧˥,rising,ʈʂ,u,o,
zhuo3,ʈʂuo,˨˩˦,falling-rising,ʈʂ,u,o,
zhuo4,ʈʂuo,˥˩,falling,ʈʂ,u,o,
zi0,tsɯ,,neutral,ts,,ɯ,
zi1,tsɯ,˥,flat,ts,,ɯ,
zi2,tsɯ,˧˥,rising,ts,,ɯ,
zi3,tsɯ,˨˩˦,falling-rising,ts,,ɯ,
zi4,tsɯ,˥˩,falling,ts,,ɯ,
zong0,tsʊŋ,,neutral,ts,,ʊ,ŋ
zong1,tsʊŋ,˥,flat,ts,,ʊ,ŋ
zong2,tsʊŋ,˧˥,rising,ts,,ʊ,ŋ
zong3,tsʊŋ,˨˩˦,falling-rising,ts,,ʊ,ŋ
zong4,tsʊŋ,˥˩,falling,ts,,ʊ,ŋ
zou0,tsəu,,neutral,ts,,ə,u
zou1,tsəu,˥,flat,ts,,ə,u
zou2,tsəu,˧˥,rising,ts,,ə,u
zou3,tsəu,˨˩˦,falling-rising,ts,,ə,u
zou4,tsəu,˥˩,falling,ts,,ə,u
zu0,tsu,,neutral,ts,,u,
zu1,tsu,˥,flat,ts,,u,
zu2,tsu,˧˥,rising,ts,,u,
zu3,tsu,˨˩˦,falling-rising,ts,,u,
zu4,tsu,˥˩,falling,ts,,u,
zuan0,tsuan,,neutral,ts,u,a,n
zuan1,tsuan,˥,flat,ts,u,a,n
zuan2,tsuan,˧˥,rising,ts,u,a,n
zuan3,tsuan,˨˩˦,falling-rising,ts,u,a,n
zuan4,tsuan,˥˩,falling,ts,u,a,n
zui0,tsuei,,neutral,ts,u,e,i
zui1,tsuei,˥,flat,ts,u,e,i
zui2,tsuei,˧˥,rising,ts,u,e,i
zui3,tsuei,˨˩˦,falling-rising,ts,u,e,i
zui4,tsuei,˥˩,falling,ts,u,e,i
zun0,tsuən,,neutral,ts,u,ə,n
zun1,tsuən,˥,flat,ts,u,ə,n
zun2,tsuən,˧˥,rising,ts,u,ə,n
zun3,tsuən,˨˩˦,falling-rising,ts,u,ə,n
zun4,tsuən,˥˩,falling,ts,u,ə,n
zuo0,tsuo,,neutral,ts,u,o,
zuo1,tsuo,˥,flat,ts,u,o,
zuo2,tsuo,˧˥,rising,ts,u,o,
zuo3,tsuo,˨˩˦,falling-rising,ts,u,o,
zuo4,tsuo,˥˩,falling,ts,u,o,
